Start Time,End Time,Sentence,Corrected Sentence,Translation,Emotion,Intensity
"00:00:00,000","00:00:01,000",آه يعني أنت تخينة شوي؟,آه يعني أنت تخينة شوي؟,"Oh, I mean, you are a little bit?",curiosity,mild
"00:00:01,000","00:00:04,000",أنت رود أو بجح أو وقح,أنت رود أو بجح أو وقح,"You are a rod, or a rude, or a rude",confusion,moderate
"00:00:04,000","00:00:06,000",ده The Blind Date Show,ده The Blind Date Show,ده The Blind Date Show,neutral,neutral
"00:00:06,000","00:00:08,000",ودول اتنين مايعرفوش بعض,ودول اتنين مايعرفوش بعض,ودول اتنين مايعرفوش بعض,neutral,neutral
"00:00:16,000","00:00:17,000",كل واحد فيهم مش شايف التاني,كل واحد فيهم مش شايف التاني,كل واحد فيهم مش شايف التاني,neutral,neutral
"00:00:17,000","00:00:19,000",وبينهم الحيطة دي,وبينهم الحيطة دي,وبينهم الحيطة دي,neutral,neutral
"00:00:19,000","00:00:22,000",البلاين ديت بتاعنا عبارة عن ثري راونز,البلاين ديت بتاعنا عبارة عن ثري راونز,The Black Diet is our riche,confusion,moderate
"00:00:22,000","00:00:25,000",كل راونز بينزل لهم موضوع لازم يتكلموا فيه,كل راونز بينزل لهم موضوع لازم يتكلموا فيه,كل راونز بينزل لهم موضوع لازم يتكلموا فيه,neutral,neutral
"00:00:25,000","00:00:27,000",المواضيع ديها علاقة بالجواز,المواضيع ديها علاقة بالجواز,Topics have a relationship with the passport,neutral,neutral
"00:00:27,000","00:00:28,000",لبس,لبس,clothes,neutral,neutral
"00:00:28,000","00:00:28,000",فلوس,فلوس,money,neutral,neutral
"00:00:28,000","00:00:29,000",شغل,شغل,Job,neutral,neutral
"00:00:29,000","00:00:30,000",وحاجات تانية كتير,وحاجات تانية كتير,وحاجات تانية كتير,neutral,neutral
"00:00:30,000","00:00:31,000",بعد كل راوند,بعد كل راوند,Then the whole,neutral,neutral
"00:00:31,000","00:00:33,000",كل واحد بيدي التاني ريتينغ,كل واحد بيدي التاني ريتينغ,كل واحد بيدي التاني ريتينغ,neutral,neutral
"00:00:33,000","00:00:36,000",على حسب هم شبه بعض الدي إيه في الراوند دي,على حسب هم شبه بعض الدي إيه في الراوند دي,"According to them, they are almost some DA in Rhond",confusion,moderate
"00:00:36,000","00:00:39,000",وفي الآخر قبل ما كل واحد يعرف كان قاعد في ديت مع مين,وفي الآخر قبل ما كل واحد يعرف كان قاعد في ديت مع مين,"And in the other before everyone knows, he was sitting in Diet with Maine",confusion,moderate
"00:00:39,000","00:00:41,000",بيقرروا لو هينزلوا ديت تاني ولا لا,بيقرروا لو هينزلوا ديت تاني ولا لا,They decide if you will go back again or not,curiosity,mild
"00:00:41,000","00:00:44,000",كتير من تاني,كتير من تاني,كتير من تاني,neutral,neutral
"00:00:59,000","00:00:59,000",هاي,هاي,هاي,neutral,neutral
"00:00:59,000","00:01:00,000",هاي,هاي,هاي,neutral,neutral
"00:01:00,000","00:01:02,000",وأخيراً قدرت أحكي,وأخيراً قدرت أحكي,"Finally, I was able to tell",relief,mild
"00:01:02,000","00:01:03,000",إزايك؟,إزايك؟,How?,curiosity,mild
"00:01:03,000","00:01:04,000",تمام إزايك أنت؟,تمام إزايك أنت؟,"Okay, how are you?",neutral,neutral
"00:01:04,000","00:01:05,000",الأخبار,الأخبار,News,neutral,neutral
"00:01:05,000","00:01:07,000",تمام الأخبار عم بقايا؟,تمام الأخبار عم بقايا؟,"Good news, residues?",curiosity,mild
"00:01:07,000","00:01:09,000",أنت مش مصري,أنت مش مصري,You are not Egyptian,neutral,neutral
"00:01:09,000","00:01:10,000",أنا مش مصري,أنا مش مصري,I am not an Egyptian,neutral,neutral
"00:01:11,000","00:01:12,000",منين؟,منين؟,From where?,curiosity,mild
"00:01:12,000","00:01:14,000",يعني ممكن هيك لقدام أشوف إذا بتحزني,يعني ممكن هيك لقدام أشوف إذا بتحزني,"I mean, it is possible for you to see if you are sad",curiosity,mild
"00:01:14,000","00:01:15,000",هيك؟,هيك؟,Heck?,confusion,mild
"00:01:15,000","00:01:16,000",يبقى لبنان,يبقى لبنان,Lebanon remains,neutral,neutral
"00:01:16,000","00:01:16,000",لبناني؟,لبناني؟,Lebanese?,curiosity,mild
"00:01:16,000","00:01:17,000",أجل,أجل,Okay,neutral,neutral
"00:01:17,000","00:01:18,000",سوريا؟,سوريا؟,Syria?,curiosity,mild
"00:01:18,000","00:01:19,000",لا,لا,no,neutral,neutral
"00:01:19,000","00:01:21,000",أنت برجل إيه طيب؟,أنت برجل إيه طيب؟,"Are you a man, ok?",curiosity,mild
"00:01:21,000","00:01:22,000",عذراء,عذراء,virgin,neutral,neutral
"00:01:22,000","00:01:23,000",عذراء,عذراء,virgin,neutral,neutral
"00:01:23,000","00:01:24,000",العذراء,العذراء,virgin,neutral,neutral
"00:01:24,000","00:01:24,000",أنت برجل إيه؟,أنت برجل إيه؟,Are you a man?,curiosity,mild
"00:01:24,000","00:01:25,000",الأسد,الأسد,Lion,neutral,neutral
"00:01:25,000","00:01:28,000",بس هيك فاهمة علي منيها أنا جايب أحكي وأنت فاهمة علي,بس هيك فاهمة علي منيها أنا جايب أحكي وأنت فاهمة علي,"But this is an understanding of me from me, I am going to tell you and you understand me",confusion,moderate
"00:01:28,000","00:01:29,000",فاللهجة لأسد كمان,فاللهجة لأسد كمان,The dialect is for a lion violin,confusion,moderate
"00:01:29,000","00:01:30,000",لماحة,لماحة,خيق,neutral,neutral
"00:01:31,000","00:01:32,000",برجل إيش؟,برجل إيش؟,What is a man?,curiosity,mild
"00:01:32,000","00:01:33,000",الأسد,الأسد,Lion,neutral,neutral
"00:01:33,000","00:01:35,000",أنت كمان مش بتركز من أولها؟,أنت كمان مش بتركز من أولها؟,You also do not focus from the beginning?,annoyance,mild
"00:01:35,000","00:01:36,000",آه بتخوفي شوي الأسد,آه بتخوفي شوي الأسد,Oh my fear of the lion,fear,moderate
"00:01:36,000","00:01:37,000",شوي,شوي,Hasted,confusion,mild
"00:01:37,000","00:01:38,000",طيب أنا عايزة أعرف أنت مين بجد,طيب أنا عايزة أعرف أنت مين بجد,"Ok, I want to know who you are hard",curiosity,moderate
"00:01:38,000","00:01:40,000",مش تونس مش مغرب,مش تونس مش مغرب,Tunish mesh mesh,confusion,mild
"00:01:40,000","00:01:41,000",لا بعيد شوي,لا بعيد شوي,Not far away,neutral,neutral
"00:01:41,000","00:01:42,000",أردن؟,أردن؟,Irnad?,curiosity,mild
"00:01:42,000","00:01:43,000",يعني ممكن,يعني ممكن,It means possible,neutral,neutral
"00:01:43,000","00:01:44,000",من أردن؟,من أردن؟,Who is Jordan?,curiosity,moderate
"00:01:44,000","00:01:45,000",من الأردن نعم,من الأردن نعم,From Jordan yes,neutral,neutral
"00:01:45,000","00:01:46,000",بتعرف إيه أنا اسم الأردن؟,بتعرف إيه أنا اسم الأردن؟,Do you know what I am the name of Jordan?,confusion,moderate
"00:01:46,000","00:01:47,000",لا ما أعرفش,لا ما أعرفش,"No, I don't know",neutral,neutral
"00:01:47,000","00:01:49,000",ما عم بك سمعتي أنا إيه حدا من الأردن؟,ما عم بك سمعتي أنا إيه حدا من الأردن؟,"What are you, I heard what I am from Jordan?",confusion,moderate
"00:01:49,000","00:01:50,000",لا خالص,لا خالص,Not,neutral,neutral
"00:01:50,000","00:01:51,000",ما بتعرفيش حاجة عن الأردن؟,ما بتعرفيش حاجة عن الأردن؟,Do you not know a need for Jordan?,curiosity,mild
"00:01:51,000","00:01:52,000",لا,لا,no,neutral,neutral
"00:01:52,000","00:01:53,000",والله هي مشكلة صراحة,والله هي مشكلة صراحة,"By God, it is a frank problem",disappointment,moderate
"00:01:53,000","00:01:54,000",آخري حدود مصر,آخري حدود مصر,Last Sound Egypt,neutral,neutral
"00:01:54,000","00:01:56,000",طيب أنت عندك كم سنة؟,طيب أنت عندك كم سنة؟,"Ok, how many years are you?",curiosity,mild
"00:01:56,000","00:01:57,000",22 وأنت؟,22 وأنت؟,22 and you?,neutral,neutral
"00:01:57,000","00:01:58,000",آه والله صغيرة,آه والله صغيرة,"Oh, God is small",surprise,mild
"00:01:58,000","00:01:59,000",أنا 27,أنا 27,I am 27,neutral,neutral
"00:01:59,000","00:02:01,000",مش فرق مش كبير يعني,مش فرق مش كبير يعني,مش فرق مش كبير يعني,neutral,neutral
"00:02:01,000","00:02:03,000",حسب الكلام هلأ بيبين معنا,حسب الكلام هلأ بيبين معنا,"According to the speech, I will show us with us",neutral,neutral
"00:02:03,000","00:02:04,000",أوكي نشوف,أوكي نشوف,"OK, we see",neutral,neutral
"00:02:04,000","00:02:05,000",طيب شو بتدرسين؟,طيب شو بتدرسين؟,طيب شو بتدرسين؟,curiosity,mild
"00:02:05,000","00:02:07,000",أنا في كلية حقوق,أنا في كلية حقوق,I am in the College of Law,neutral,neutral
"00:02:07,000","00:02:08,000",حقوق وحامية وهيك؟,حقوق وحامية وهيك؟,Rights and protector,neutral,neutral
"00:02:08,000","00:02:09,000",آه عنيدة,آه عنيدة,Oh stubborn,amusement,mild
"00:02:09,000","00:02:11,000",قانون قضايا ومن بدايتها؟,قانون قضايا ومن بدايتها؟,Cases law and from its beginning?,curiosity,mild
"00:02:11,000","00:02:13,000",لا مين بيحب المشاكل؟,لا مين بيحب المشاكل؟,Who loves problems?,curiosity,mild
"00:02:13,000","00:02:15,000",يعني إحنا هنتمشكل من أولها عشان,يعني إحنا هنتمشكل من أولها عشان,يعني إحنا هنتمشكل من أولها عشان,amusement,mild
"00:02:15,000","00:02:16,000",لا لا أبداً,لا لا أبداً,"No, never",neutral,neutral
"00:02:16,000","00:02:16,000",آه؟,آه؟,Oh?,curiosity,mild
"00:02:16,000","00:02:17,000",أبداً,أبداً,never,neutral,neutral
"00:02:17,000","00:02:18,000",يعني هتكوني سهلة,يعني هتكوني سهلة,"I mean, you will be easy",optimism,mild
"00:02:19,000","00:02:19,000",نعم؟,نعم؟,Yes?,curiosity,mild
"00:02:19,000","00:02:21,000",هتكوني سهلة؟,هتكوني سهلة؟,You will be easy?,curiosity,mild
"00:02:21,000","00:02:23,000",لا لا مش هبسهلة برضه,لا لا مش هبسهلة برضه,"No, no, I will not be satisfied",optimism,moderate
"00:02:23,000","00:02:24,000",طب أنا عندي سؤال,طب أنا عندي سؤال,"Medicine, I have a question",curiosity,mild
"00:02:24,000","00:02:25,000",أنا مش عارف إيش أناديكي مبدئياً,أنا مش عارف إيش أناديكي مبدئياً,I don’t know what to call you in principle,confusion,mild
"00:02:25,000","00:02:27,000",تعالي نختار إيه على أسماء؟,تعالي نختار إيه على أسماء؟,Come choose on names?,curiosity,mild
"00:02:27,000","00:02:27,000",حلو,حلو,sweet,approval,mild
"00:02:27,000","00:02:29,000",بس أسماء أجنبية بقى اللي هو,بس أسماء أجنبية بقى اللي هو,بس أسماء أجنبية بقى اللي هو,neutral,neutral
"00:02:29,000","00:02:29,000",out of the box,out of the box,out of the box,approval,mild
"00:02:29,000","00:02:31,000",أنا بحب الأسماء العربية أكتر صراحة,أنا بحب الأسماء العربية أكتر صراحة,I love Arabic names more frankly,neutral,neutral
"00:02:31,000","00:02:33,000",طيب خلاص أنت اختار وأنا اختار,طيب خلاص أنت اختار وأنا اختار,"Ok, salvation, you choose and I choose",neutral,neutral
"00:02:33,000","00:02:35,000",يعني أنا حاسب ممكن تكوني سارة,يعني أنا حاسب ممكن تكوني سارة,"I mean, I am a computer, you can be pleasant",amusement,mild
"00:02:35,000","00:02:37,000",إنه كانوا يسموني سارة,إنه كانوا يسموني سارة,They called me Sarah,neutral,neutral
"00:02:37,000","00:02:37,000",سارة اسم حلو,سارة اسم حلو,Sarah is a sweet name,approval,mild
"00:02:37,000","00:02:38,000",كانوا يسموني اسم أبشع,كانوا يسموني اسم أبشع,They called me the most heinous name,disgust,moderate
"00:02:38,000","00:02:39,000",شو اسمه؟,شو اسمه؟,What is his name?,curiosity,mild
"00:02:39,000","00:02:40,000",أمورة,أمورة,Illness,disgust,moderate
"00:02:40,000","00:02:40,000",إيه؟,إيه؟,any?,confusion,mild
"00:02:40,000","00:02:42,000",كانوا يسموني أمورة,كانوا يسموني أمورة,They used to call me,neutral,neutral
"00:02:42,000","00:02:42,000",أمورة؟,أمورة؟,Amora?,curiosity,mild
"00:02:42,000","00:02:43,000",أوه,أوه,Oh,neutral,neutral
"00:02:44,000","00:02:45,000",وفي اسم أمورة؟,وفي اسم أمورة؟,And in the name of Amora?,curiosity,mild
"00:02:45,000","00:02:46,000",أنا بعرف هذا وسط,أنا بعرف هذا وسط,I know this medium,realization,mild
"00:02:46,000","00:02:48,000",في أمر في أمر في أمورة,في أمر في أمر في أمورة,In a matter in Amora,neutral,neutral
"00:02:48,000","00:02:49,000",آه في أمر بس أمورة,آه في أمر بس أمورة,"Oh, but it is an issue",neutral,neutral
"00:02:49,000","00:02:50,000",الحمد لله هم صراحة,الحمد لله هم صراحة,"Praise be to God, they are frank",gratitude,mild
"00:02:57,000","00:02:58,000",حسن؟,حسن؟,Good?,curiosity,mild
"00:02:58,000","00:02:59,000",مع أنه بعيد عني شوي بس أوكي,مع أنه بعيد عني شوي بس أوكي,"Although it is far from me, but OK",neutral,neutral
"00:03:01,000","00:03:02,000",لا هاي أول مرة,لا هاي أول مرة,"No, Hi, the first time",nervousness,mild
"00:03:02,000","00:03:03,000",وأنا كمان أول مرة,وأنا كمان أول مرة,I am also the first time,nervousness,mild
"00:03:03,000","00:03:04,000",كيف شايف التجربة؟,كيف شايف التجربة؟,How do you see the experience?,curiosity,mild
"00:03:04,000","00:03:06,000",موترة شوي بصراحة,موترة شوي بصراحة,موترة شوي بصراحة,nervousness,moderate
"00:03:06,000","00:03:06,000",بس يعني,بس يعني,But it means,neutral,neutral
"00:03:06,000","00:03:07,000",هي صعبة شوي صح؟,هي صعبة شوي صح؟,"Is it difficult, right?",curiosity,mild
"00:03:07,000","00:03:09,000",بس حسن بدأت أفك شوي بالكلام,بس حسن بدأت أفك شوي بالكلام,But Hassan started to spoil Shui with words,annoyance,mild
"00:03:09,000","00:03:10,000",هنتعود هنتعود,هنتعود هنتعود,Error 500 (Server Error)!!1500.That’s an error.There was an error. Please try again later.That’s all we know.,annoyance,moderate
"00:03:10,000","00:03:11,000",يلا هلأ منشوف,يلا هلأ منشوف,Come on,neutral,neutral
"00:03:21,000","00:03:22,000",نزلك إيه؟,نزلك إيه؟,What?,confusion,mild
"00:03:22,000","00:03:23,000",نزلي مشروم سوب,نزلي مشروم سوب,Nazi Mushroom Sob,confusion,mild
"00:03:25,000","00:03:25,000",مشروم؟,مشروم؟,The mushrooms?,curiosity,mild
"00:03:25,000","00:03:26,000",آه,آه,Oh,neutral,neutral
"00:03:26,000","00:03:26,000",تحبين؟,تحبين؟,Do you like?,curiosity,mild
"00:03:26,000","00:03:27,000",الحمد لله,الحمد لله,Thank God,gratitude,mild
"00:03:27,000","00:03:28,000",لا لا عندي حسية من مشروم,لا لا عندي حسية من مشروم,"No, I do not have a sense of mushroom",neutral,neutral
"00:03:28,000","00:03:29,000",عنديك حسية من مشروم؟,عنديك حسية من مشروم؟,Do you have a sensory of mushrooms?,curiosity,mild
"00:03:29,000","00:03:30,000",آه,آه,Oh,neutral,neutral
"00:03:30,000","00:03:31,000",وأنا ما بأهبهوش كتير بايضا,وأنا ما بأهبهوش كتير بايضا,I am not very much,neutral,neutral
"00:03:31,000","00:03:32,000",طب تاخد بتاعتي؟,طب تاخد بتاعتي؟,Do you take my goodness?,curiosity,mild
"00:03:32,000","00:03:33,000",إنتي إنتي عنديك إيش؟,إنتي إنتي عنديك إيش؟,What do you have?,curiosity,mild
"00:03:34,000","00:03:35,000",توميتو سوب,توميتو سوب,Tomito Subb,neutral,neutral
"00:03:35,000","00:03:36,000",لطيف,لطيف,Four,neutral,neutral
"00:03:36,000","00:03:37,000",تجربها؟,تجربها؟,Experiences?,curiosity,mild
"00:03:37,000","00:03:38,000",بدل,بدل,Substitute,neutral,neutral
"00:03:38,000","00:03:39,000",عادي والحساسية بتاعتي؟,عادي والحساسية بتاعتي؟,عادي والحساسية بتاعتي؟,curiosity,mild
"00:03:39,000","00:03:41,000",آه صح نسيت أنا,آه صح نسيت أنا,"Oh right, I forgot me",realization,mild
"00:03:41,000","00:03:41,000",أناني,أناني,selfish,disapproval,mild
"00:03:41,000","00:03:42,000",سوري,سوري,Syrian,neutral,neutral
"00:03:42,000","00:03:43,000",لا مش أناني أنا نسيت,لا مش أناني أنا نسيت,"No, I did not forget",neutral,neutral
"00:03:43,000","00:03:43,000",يعني عادي,يعني عادي,"I mean, normal",neutral,neutral
"00:03:43,000","00:03:44,000",طب أدوها و أديها لك,طب أدوها و أديها لك,"Medicine, give it to you",caring,mild
"00:03:44,000","00:03:45,000",مفيش داعي,مفيش داعي,There is no need,neutral,neutral
"00:03:45,000","00:03:46,000",أحرقته ولا إيه؟,أحرقته ولا إيه؟,I burned it or what?,confusion,mild
"00:03:46,000","00:03:48,000",آه أنا نسيت,آه أنا نسيت,"Oh, I forgot",realization,mild
"00:03:48,000","00:03:50,000",فحسيت حالي عملت مشكلة كبيرة,فحسيت حالي عملت مشكلة كبيرة,I felt my current problem,neutral,neutral
"00:03:50,000","00:03:50,000",لا لا لا أبدا,لا لا لا أبدا,"No, no, never",neutral,neutral
"00:03:50,000","00:03:51,000",مفيش مشكلة,مفيش مشكلة,There is no problem,neutral,neutral
"00:03:51,000","00:03:53,000",إنت شايف السيجمنت اللي عندنا إيه؟,إنت شايف السيجمنت اللي عندنا إيه؟,Are you seeing the Segum that we have?,curiosity,mild
"00:03:53,000","00:03:54,000",dream guy و dream girl,dream guy و dream girl,dream guy و dream girl,curiosity,mild
"00:03:54,000","00:03:57,000",احكي لي أكتر عن فتاة أحلامك,احكي لي أكتر عن فتاة أحلامك,Tell me more about your dream girl,curiosity,moderate
"00:03:57,000","00:03:57,000",عارف أن أنتو,عارف أن أنتو,I know that you are,neutral,neutral
"00:03:57,000","00:03:58,000",بتحس إنه ممكن,بتحس إنه ممكن,بتحس إنه ممكن,curiosity,mild
"00:03:58,000","00:04:00,000",عارف أنا برج العذراء بيكي قوي,عارف أنا برج العذراء بيكي قوي,I know I am a strong Virgo,pride,mild
"00:04:00,000","00:04:02,000",عنا مشاكل صراحة و عقد نفسية,عنا مشاكل صراحة و عقد نفسية,About us frank problems and a psychological contract,confusion,moderate
"00:04:02,000","00:04:03,000",إنت معترف؟,إنت معترف؟,Are you recognized?,curiosity,mild
"00:04:03,000","00:04:04,000",عادي كده؟,عادي كده؟,Normal like that?,confusion,mild
"00:04:04,000","00:04:04,000",يعني نعم,يعني نعم,"I mean, yes",neutral,neutral
"00:04:04,000","00:04:05,000",طب جمّل الكلام,طب جمّل الكلام,Medicine of speech,confusion,mild
"00:04:05,000","00:04:07,000",إنه إحنا برج العذراء شوي صعبين,إنه إحنا برج العذراء شوي صعبين,إنه إحنا برج العذراء شوي صعبين,pride,mild
"00:04:07,000","00:04:08,000",بصريحين,بصريحين,Two,neutral,neutral
"00:04:08,000","00:04:09,000",هو أنا ما بجامل كمان,هو أنا ما بجامل كمان,I am not a compliment to violin,confusion,moderate
"00:04:09,000","00:04:10,000",بس مرات تعمل لي,بس مرات تعمل لي,But times you work for me,approval,mild
"00:04:11,000","00:04:12,000",دي حاجة حلوة إنه إنت direct,دي حاجة حلوة إنه إنت direct,This is a sweet need that you are direct,admiration,mild
"00:04:12,000","00:04:14,000",أنا حاسك إنت اللي مش direct,أنا حاسك إنت اللي مش direct,أنا حاسك إنت اللي مش direct,disapproval,mild
"00:04:14,000","00:04:14,000",أنا مش direct؟,أنا مش direct؟,I am not Direct?,confusion,mild
"00:04:14,000","00:04:15,000",تحب تلف و تدوري,تحب تلف و تدوري,You love damage and rotate,disapproval,moderate
"00:04:15,000","00:04:17,000",طب يوليني مش سالكة,طب يوليني مش سالكة,Yulini is not solely,confusion,mild
"00:04:17,000","00:04:19,000",طيب بتحسي حالك سهلة ولا صعبة؟,طيب بتحسي حالك سهلة ولا صعبة؟,"Ok, do you feel easy or difficult?",curiosity,mild
"00:04:19,000","00:04:22,000",easy going بس عندي boundaries,easy going بس عندي boundaries,"Easy Going, but I have Boundaries",,
"00:04:22,000","00:04:23,000",طيب دي أسألك سؤال,طيب دي أسألك سؤال,"Ok, I ask you a question",neutral,neutral
"00:04:23,000","00:04:24,000",إنتي فتاة..,إنتي فتاة..,You are a girl ..,neutral,neutral
"00:04:25,000","00:04:27,000",أوكي دي أسألك سؤال,أوكي دي أسألك سؤال,OKD I ask you a question,neutral,neutral
"00:04:27,000","00:04:28,000",حكي لي الصفات فتاة أحلامك,حكي لي الصفات فتاة أحلامك,Tell me the attributes of your dream girl,curiosity,moderate
"00:04:28,000","00:04:30,000",يكون جدع دي أهم حاجة,يكون جدع دي أهم حاجة,يكون جدع دي أهم حاجة,approval,moderate
"00:04:30,000","00:04:33,000",يكون بيحترمني جداً و يحترم موجودي جداً جداً,يكون بيحترمني جداً و يحترم موجودي جداً جداً,He will respect me very much and respect my very very much,desire,moderate
"00:04:33,000","00:04:35,000",و يكون بيعرف يعبر عن مشاعره,و يكون بيعرف يعبر عن مشاعره,And he will be known to express his feelings,desire,mild
"00:04:35,000","00:04:36,000",أنا ما أعرف شعاري,أنا ما أعرف شعاري,I don't know my logos,confusion,mild
"00:04:37,000","00:04:37,000",أنا تتعلم,أنا تتعلم,I am learning,optimism,mild
"00:04:37,000","00:04:39,000",لما الواحد بيأخذ على الإنسان اللي قدامه,لما الواحد بيأخذ على الإنسان اللي قدامه,لما الواحد بيأخذ على الإنسان اللي قدامه,realization,mild
"00:04:39,000","00:04:41,000",بيبدأ إنه هو open up أكتر,بيبدأ إنه هو open up أكتر,It begins that it is Open up more,optimism,mild
"00:04:41,000","00:04:42,000",بيشارك أكتر مشاعره,بيشارك أكتر مشاعره,He shares the most feelings,caring,mild
"00:04:42,000","00:04:43,000",آه إنتي بلش تساعديني من هسه,آه إنتي بلش تساعديني من هسه,"Oh, you can help me from Hasa",curiosity,mild
"00:04:43,000","00:04:44,000",هنحاول هنحاول,هنحاول هنحاول,We will try to try,optimism,mild
"00:04:44,000","00:04:45,000",حلو,حلو,sweet,admiration,mild
"00:04:45,000","00:04:46,000",طب إنت كشكل,طب إنت كشكل,"Medicine, as a form",confusion,mild
"00:04:46,000","00:04:48,000",متخيل مثلاً فتاة أحلامك عاملة إزاي؟,متخيل مثلاً فتاة أحلامك عاملة إزاي؟,"Imagine, for example, your dream girl is working?",curiosity,moderate
"00:04:48,000","00:04:50,000",أنا بحب البنت تكون جميلة,أنا بحب البنت تكون جميلة,I love the girl to be beautiful,desire,moderate
"00:04:50,000","00:04:54,000",خلينا أحكي يعني ما تكون لون شعرها أشجر,خلينا أحكي يعني ما تكون لون شعرها أشجر,"Let us say, I mean, the color of her hair is tree",curiosity,mild
"00:04:54,000","00:04:55,000",مثلاً,مثلاً,For example,neutral,neutral
"00:04:55,000","00:04:56,000",عيون مش ملونين عادي,عيون مش ملونين عادي,Eyes are not normal colored,curiosity,mild
"00:04:56,000","00:04:58,000",ما أحب العيون مش ملونين,ما أحب العيون مش ملونين,"I don't like the eyes, not colored",disapproval,mild
"00:04:59,000","00:04:59,000",بتلعب جيم,بتلعب جيم,Jim is playing,neutral,neutral
"00:05:00,000","00:05:02,000",شخصيتها مرحة وحلوة يعني,شخصيتها مرحة وحلوة يعني,Her personality is fun and sweet,admiration,moderate
"00:05:02,000","00:05:03,000",هيك يعني,هيك يعني,Heck means,confusion,mild
"00:05:03,000","00:05:04,000",perfect يعني,perfect يعني,Perfect means,admiration,mild
"00:05:04,000","00:05:05,000",مش perfect يعني عادي ممكن,مش perfect يعني عادي ممكن,Not perfect means normal possible,neutral,neutral
"00:05:05,000","00:05:07,000",أنا بالنسبة لي الشخصية مهمة يعني كثير,أنا بالنسبة لي الشخصية مهمة يعني كثير,"For me, I am important for me, I mean a lot",pride,moderate
"00:05:07,000","00:05:08,000",والجمال مهم,والجمال مهم,Beauty is important,desire,moderate
"00:05:08,000","00:05:10,000",بس ما بقدر أشيل هاي أو هاي,بس ما بقدر أشيل هاي أو هاي,But as much as Achille Hai or Hai,confusion,mild
"00:05:10,000","00:05:11,000",إنتي بتلعب جيم؟,إنتي بتلعب جيم؟,Are you playing Jim?,curiosity,mild
"00:05:11,000","00:05:11,000",قليل قوي,قليل قوي,Little,neutral,neutral
"00:05:11,000","00:05:13,000",تهتمين بنظام الأكل تبعك؟,تهتمين بنظام الأكل تبعك؟,"Do you care about the eating system, follow you?",curiosity,mild
"00:05:13,000","00:05:14,000",أو الدايت خلينا أحكي,أو الدايت خلينا أحكي,Or the diet let us tell us,curiosity,mild
"00:05:14,000","00:05:15,000",بص مش دايماً,بص مش دايماً,بص مش دايماً,neutral,neutral
"00:05:15,000","00:05:18,000",يعني الواحد برضو بيجي عليه فترة بيكون عايز يأكل يعني يبسط,يعني الواحد برضو بيجي عليه فترة بيكون عايز يأكل يعني يبسط,يعني الواحد برضو بيجي عليه فترة بيكون عايز يأكل يعني يبسط,desire,mild
"00:05:18,000","00:05:20,000",آه يعني إنتي تخينة شوي؟,آه يعني إنتي تخينة شوي؟,"Oh, I mean, are you cheating a little?",curiosity,mild
"00:05:20,000","00:05:20,000",آه,آه,Oh,neutral,neutral
"00:05:20,000","00:05:21,000",في مشكلة؟,في مشكلة؟,In a problem?,curiosity,mild
"00:05:21,000","00:05:22,000",لا لا أنا بس بسألت,لا لا أنا بس بسألت,"No, I just asked",neutral,neutral
"00:05:22,000","00:05:24,000",أنا بشوف نفسي balanced راضية,أنا بشوف نفسي balanced راضية,I see myself Balanced is satisfied,pride,mild
"00:05:24,000","00:05:26,000",بس أنت يعني جريئ جداً,بس أنت يعني جريئ جداً,But you mean very bold,surprise,mild
"00:05:26,000","00:05:28,000",فيه ولد يسأل بنت سؤال زي ده,فيه ولد يسأل بنت سؤال زي ده,فيه ولد يسأل بنت سؤال زي ده,disapproval,mild
"00:05:28,000","00:05:29,000",حكيت لك إني أنا صريح,حكيت لك إني أنا صريح,I told you that I am honest,pride,mild
"00:05:29,000","00:05:33,000",صريح بس أنا معرفة واش ولا أعرف أي حاجة عنك,صريح بس أنا معرفة واش ولا أعرف أي حاجة عنك,"Fast, but I know, and I do not know anything about you",confusion,mild
"00:05:33,000","00:05:33,000",بس أنا مش عم بس,بس أنا مش عم بس,"But I am not, but",confusion,mild
"00:05:33,000","00:05:36,000",مش خايف إن أنا مثلاً أحكم عليك إن أنت,مش خايف إن أنا مثلاً أحكم عليك إن أنت,"I am not afraid that I am, for example, judge you if you are",neutral,neutral
"00:05:36,000","00:05:39,000",rude أو بجح أو وكح,rude أو بجح أو وكح,"Rude, Juven or C and Coast",disapproval,mild
"00:05:40,000","00:05:41,000",أنا بمزح,أنا بمزح,I am joking,amusement,mild
"00:05:41,000","00:05:43,000",بتمزح إيه إنت سألتني إنت تخينة,بتمزح إيه إنت سألتني إنت تخينة,What do you ask me? You asked me,confusion,mild
"00:05:43,000","00:05:44,000",هلأ أسألك سؤال,هلأ أسألك سؤال,I ask you a question,neutral,neutral
"00:05:44,000","00:05:47,000",الواحد لما يكون بدايت بيحكي كل إشي جدي ولا بيمزح؟,الواحد لما يكون بدايت بيحكي كل إشي جدي ولا بيمزح؟,الواحد لما يكون بدايت بيحكي كل إشي جدي ولا بيمزح؟,curiosity,mild
"00:05:47,000","00:05:48,000",إنت ما كنتش بتمزح دلوقتي,إنت ما كنتش بتمزح دلوقتي,You are not kidding now,annoyance,mild
"00:05:48,000","00:05:49,000",ليه؟,ليه؟,for him?,confusion,mild
"00:05:49,000","00:05:51,000",خلاص نقفل الموضوع ده لو سمحت,خلاص نقفل الموضوع ده لو سمحت,خلاص نقفل الموضوع ده لو سمحت,annoyance,mild
"00:05:51,000","00:05:52,000",هاي مشكلة كبيرة صراحة,هاي مشكلة كبيرة صراحة,"Hi, a big problem, frankly",annoyance,moderate
"00:05:53,000","00:05:55,000",إيش الred flags اللي عندك على الشاب؟,إيش الred flags اللي عندك على الشاب؟,What is the Red Flags you have on the young man?,curiosity,mild
"00:05:55,000","00:05:57,000",إنه حد يعلق على شكل حد,إنه حد يعلق على شكل حد,It is an end to an end,neutral,neutral
"00:05:57,000","00:05:58,000",أوف,أوف,Off,neutral,neutral
"00:05:58,000","00:06:00,000",طب أنا هذا اللي سويته قبل شوي؟,طب أنا هذا اللي سويته قبل شوي؟,طب أنا هذا اللي سويته قبل شوي؟,confusion,mild
"00:06:00,000","00:06:01,000",أوه بالزبط,أوه بالزبط,"Oh, with the dumbbell",neutral,neutral
"00:06:01,000","00:06:02,000",بس إنتي فهمتيني غلط,بس إنتي فهمتيني غلط,But you understood me wrong,neutral,neutral
"00:06:02,000","00:06:02,000",ما يصحش,ما يصحش,What is awake,confusion,mild
"00:06:02,000","00:06:04,000",لازم تعطيني مجال إني أشرح,لازم تعطيني مجال إني أشرح,You have to give me a field that I explain,neutral,neutral
"00:06:04,000","00:06:07,000",فكرة البلاين ديت شو إن إحنا نعرف بعد,فكرة البلاين ديت شو إن إحنا نعرف بعد,The idea of ​​the plain Diet Show is that we know yet,curiosity,mild
"00:06:07,000","00:06:08,000",من غير seeing each other,من غير seeing each other,Without seeing each other,neutral,neutral
"00:06:08,000","00:06:10,000",فأنت قسرت الموضوع وبوم,فأنت قسرت الموضوع وبوم,You enriched the topic and an album,approval,mild
"00:06:10,000","00:06:11,000",إنت تخينة؟,إنت تخينة؟,Are you betrayal?,curiosity,mild
"00:06:11,000","00:06:14,000",يا سارة أنا آسف بس يعني ممكن عشان البلاين ديت مش بتعود,يا سارة أنا آسف بس يعني ممكن عشان البلاين ديت مش بتعود,يا سارة أنا آسف بس يعني ممكن عشان البلاين ديت مش بتعود,neutral,neutral
"00:06:14,000","00:06:16,000",بدك تمشي لي الموضوع شوي,بدك تمشي لي الموضوع شوي,You want to walk the topic to me,curiosity,mild
"00:06:16,000","00:06:17,000",لا خلاص ما فيش مشكلة يا حسن,لا خلاص ما فيش مشكلة يا حسن,"No salvation, there is no problem, good",relief,mild
"00:06:17,000","00:06:19,000",دي green flag أعتذر,دي green flag أعتذر,De Green Flag I apologize,neutral,neutral
"00:06:19,000","00:06:19,000",أكيد؟,أكيد؟,Of course?,curiosity,mild
"00:06:19,000","00:06:20,000",أيوه,أيوه,yeah,neutral,neutral
"00:06:20,000","00:06:21,000",يعني أنا مفتش بالred flags,يعني أنا مفتش بالred flags,"I mean, I am an inspector of Red Flags",pride,mild
"00:06:21,000","00:06:23,000",نص نص مش قادرة أقول لك أوه,نص نص مش قادرة أقول لك أوه,Text text is not able to tell you oh,confusion,mild
"00:06:23,000","00:06:24,000",هلأ بنصلحها,هلأ بنصلحها,Should we fix it,curiosity,mild
"00:06:24,000","00:06:25,000",خلاص ونطلع,خلاص ونطلع,Salvation and we look,neutral,neutral
"00:06:25,000","00:06:27,000",بعدين أنا بلشت أحب مصر يا سارة يعني صراحة,بعدين أنا بلشت أحب مصر يا سارة يعني صراحة,"After that, I love Egypt, Sarah, I mean, frankly",love,mild
"00:06:27,000","00:06:27,000",بجد؟,بجد؟,seriously?,curiosity,mild
"00:06:27,000","00:06:28,000",آه,آه,Oh,surprise,mild
"00:06:28,000","00:06:29,000",إيه أكتر حاجة عجبك؟,إيه أكتر حاجة عجبك؟,What do you like?,curiosity,mild
"00:06:29,000","00:06:30,000",القاهرة بتجنن,القاهرة بتجنن,Cairo is crazy,amusement,moderate
"00:06:30,000","00:06:32,000",وناسها بتجننوا,وناسها بتجننوا,And its people crazy,amusement,moderate
"00:06:32,000","00:06:34,000",طيب يعني ممكن إنتي تحبيبيني أكتر بمصر؟,طيب يعني ممكن إنتي تحبيبيني أكتر بمصر؟,"Ok, I mean, can you love me more in Egypt?",curiosity,mild
"00:06:34,000","00:06:35,000",يعني هنشوف الموضوع ده,يعني هنشوف الموضوع ده,يعني هنشوف الموضوع ده,neutral,neutral
"00:06:35,000","00:06:36,000",hopefully,hopefully,hopefully,optimism,mild
"00:06:37,000","00:06:39,000",طيب بقول لك إيه يا سارة,طيب بقول لك إيه يا سارة,"Ok, by telling you, Sarah",neutral,neutral
"00:06:39,000","00:06:40,000",نعم يا حسن,نعم يا حسن,"Yes, good",approval,mild
"00:06:40,000","00:06:41,000",عطيتني rate منيح؟,عطيتني rate منيح؟,You gave me a rit?,confusion,mild
"00:06:41,000","00:06:42,000",بصراحة نص نص,بصراحة نص نص,Frankly text text,neutral,neutral
"00:06:42,000","00:06:43,000",فيه حاجات اتفقنا فيها,فيه حاجات اتفقنا فيها,فيه حاجات اتفقنا فيها,neutral,neutral
"00:06:43,000","00:06:45,000",وفيه حاجات اختلفنا فيها,وفيه حاجات اختلفنا فيها,وفيه حاجات اختلفنا فيها,neutral,neutral
"00:06:45,000","00:06:46,000",بس دي أول segment يعني,بس دي أول segment يعني,But this is the first segment,neutral,neutral
"00:06:46,000","00:06:48,000",فممكن درجاتك تتحسن على آخر,فممكن درجاتك تتحسن على آخر,It is possible for your degrees to improve over another,optimism,mild
"00:06:48,000","00:06:50,000",أنا عطيتك rate جيد,أنا عطيتك rate جيد,I gave you a good Rate,approval,mild
"00:06:50,000","00:06:51,000",ماشي أما نشوف,ماشي أما نشوف,"Walk, we see",neutral,neutral
"00:07:01,000","00:07:03,000",أوكي أنا صراحة حاس حاليا شوي,أوكي أنا صراحة حاس حاليا شوي,"OK, I am frankly",neutral,neutral
"00:07:03,000","00:07:05,000",عم بكون زنخ شوي,عم بكون زنخ شوي,Uncle be a grill,neutral,neutral
"00:07:05,000","00:07:05,000",بترشيني زنخ؟,بترشيني زنخ؟,Btchini Zanh?,confusion,mild
"00:07:06,000","00:07:07,000",لا دي كلمة جديدة عليا,لا دي كلمة جديدة عليا,No new word is up to me,confusion,mild
"00:07:07,000","00:07:08,000",زنخ يعني بايخ,زنخ يعني بايخ,Zanhi means tick,neutral,neutral
"00:07:08,000","00:07:09,000",بايخ؟,بايخ؟,vapid?,confusion,mild
"00:07:09,000","00:07:10,000",أه,أه,Yes,neutral,neutral
"00:07:10,000","00:07:10,000",معرفوش,معرفوش,Known,neutral,neutral
"00:07:10,000","00:07:12,000",حسن إني سمعتها من مصري,حسن إني سمعتها من مصري,Hassan I heard it from an Egyptian,neutral,neutral
"00:07:12,000","00:07:14,000",تعرف يا هدا الزنخ تبع الساردين؟,تعرف يا هدا الزنخ تبع الساردين؟,"Do you know, this is the hook, followed the sardines?",curiosity,mild
"00:07:14,000","00:07:15,000",بين؟,بين؟,between?,confusion,mild
"00:07:15,000","00:07:16,000",من أ معرفش,من أ معرفش,From a,neutral,neutral
"00:07:16,000","00:07:17,000",هو هيك يحكو له زنخ,هو هيك يحكو له زنخ,He is a heck that tells him a tone,neutral,neutral
"00:07:17,000","00:07:19,000",إنه عم بكون تجيل دم شوي,إنه عم بكون تجيل دم شوي,إنه عم بكون تجيل دم شوي,neutral,neutral
"00:07:19,000","00:07:20,000",نحن عم نحاول نكون متفاهمين مع بعض,نحن عم نحاول نكون متفاهمين مع بعض,We are trying to be understanding with each other,caring,mild
"00:07:20,000","00:07:22,000",بتعلم تتكلم على المال,بتعلم تتكلم على المال,You learn to talk about the money,neutral,neutral
"00:07:22,000","00:07:23,000",آه,آه,Oh,surprise,mild
"00:07:23,000","00:07:23,000",والله مهم,والله مهم,God is important,neutral,neutral
"00:07:23,000","00:07:25,000",تخش في المهمة على طول,تخش في المهمة على طول,Fear in the task along,fear,mild
"00:07:25,000","00:07:26,000",سمعي مهم المصاري صراحة,سمعي مهم المصاري صراحة,Important Al -Masari explicitly,neutral,neutral
"00:07:26,000","00:07:28,000",بساعد كثير بأنه يبني شخصية الواحد,بساعد كثير بأنه يبني شخصية الواحد,I helped a lot that he builds the personality of the one,pride,mild
"00:07:28,000","00:07:29,000",يبني مستقبله,يبني مستقبله,It builds his future,optimism,mild
"00:07:29,000","00:07:32,000",حس إنه لو الإنسان,حس إنه لو الإنسان,A sense that if a person,neutral,neutral
"00:07:32,000","00:07:34,000",مكفيك مش هتبص للماديات,مكفيك مش هتبص للماديات,You will not be to the material,neutral,neutral
"00:07:34,000","00:07:36,000",بس كمان الماديات مهمة جداً يعني,بس كمان الماديات مهمة جداً يعني,"But the material is very important, I mean",realization,mild
"00:07:36,000","00:07:37,000",أكيد ما هي بتساعد برضه,أكيد ما هي بتساعد برضه,"Sure, it is helping with his consent",approval,mild
"00:07:37,000","00:07:38,000",بس إنت مثلاً شايف,بس إنت مثلاً شايف,"But you are, for example, you see",neutral,neutral
"00:07:38,000","00:07:40,000",لو إحنا على موعد,لو إحنا على موعد,If we are on a date,neutral,neutral
"00:07:40,000","00:07:42,000",شايف المفروض مين يتكفل بالموعد,شايف المفروض مين يتكفل بالموعد,I see who is supposed to take care of the appointment,curiosity,mild
"00:07:42,000","00:07:44,000",يعني أنا بالنسبة إلي أكيد الشاب,يعني أنا بالنسبة إلي أكيد الشاب,"I mean, for me, I am sure the young man",neutral,neutral
"00:07:44,000","00:07:45,000",صراحة,صراحة,Frankly,neutral,neutral
"00:07:45,000","00:07:46,000",أنا بشوف كده برضه,أنا بشوف كده برضه,I see this with his consent,neutral,neutral
"00:07:46,000","00:07:48,000",بحس إن ده تعبير عن إنه هو,بحس إن ده تعبير عن إنه هو,With a sense that this is an expression of being it,realization,mild
"00:07:48,000","00:07:49,000",شخص مسؤول,شخص مسؤول,Official,neutral,neutral
"00:07:49,000","00:07:50,000",بس كده كده هعرض,بس كده كده هعرض,But that is like that,neutral,neutral
"00:07:50,000","00:07:52,000",وكده كده لازم أرده له في يومها,وكده كده لازم أرده له في يومها,وكده كده لازم أرده له في يومها,optimism,moderate
"00:07:52,000","00:07:53,000",ممكن الأفضل بالنسبة إلي صراحة,ممكن الأفضل بالنسبة إلي صراحة,Possible best for me frankly,optimism,mild
"00:07:53,000","00:07:55,000",إنه مثلاً أنا طالعني وياكي ديت,إنه مثلاً أنا طالعني وياكي ديت,"It is, for example, I looked at me",curiosity,mild
"00:07:55,000","00:07:56,000",أكيد أنا اللي هتدفع,أكيد أنا اللي هتدفع,"Sure, I will pay",optimism,moderate
"00:07:56,000","00:07:59,000",بس ممكن أنت يكون في بالك إنه أنا جبتلك هدية,بس ممكن أنت يكون في بالك إنه أنا جبتلك هدية,But you can be in your mind that I have brought you a gift,caring,mild
"00:07:59,000","00:08:01,000",لو صغيرة أو معنوية ما عنديش مشكلة,لو صغيرة أو معنوية ما عنديش مشكلة,لو صغيرة أو معنوية ما عنديش مشكلة,caring,mild
"00:08:01,000","00:08:02,000",بس إنه هاي بشوفها إشي حلو يعني,بس إنه هاي بشوفها إشي حلو يعني,"But it is Hi, I see her sweet thing, I mean",admiration,mild
"00:08:02,000","00:08:03,000",هلأ بالزواج,هلأ بالزواج,I am married,neutral,neutral
"00:08:03,000","00:08:05,000",ما بعرف إنتوا عندكم في مصر غير عندنا,ما بعرف إنتوا عندكم في مصر غير عندنا,I do not know that you are in Egypt other than us,confusion,mild
"00:08:05,000","00:08:06,000",نص بالنص,نص بالنص,Text,neutral,neutral
"00:08:06,000","00:08:07,000",نص بالنص,نص بالنص,Text,neutral,neutral
"00:08:07,000","00:08:09,000",إحنا عندنا شاب يدفع كل حاجة,إحنا عندنا شاب يدفع كل حاجة,We have a young man who pays every need,admiration,mild
"00:08:09,000","00:08:09,000",طب حلو قوي,طب حلو قوي,Strong sweet medicine,admiration,mild
"00:08:09,000","00:08:10,000",حلو؟,حلو؟,sweet?,curiosity,mild
"00:08:10,000","00:08:10,000",برضه,برضه,His consent,neutral,neutral
"00:08:10,000","00:08:11,000",أوه والله,أوه والله,Oh God,surprise,mild
"00:08:11,000","00:08:12,000",هسألك سؤالية حسونا,هسألك سؤالية حسونا,I will ask you about the question of Hasuna,curiosity,mild
"00:08:12,000","00:08:13,000",آه حسونا حبيت,آه حسونا حبيت,"Oh Hassona, I loved",love,mild
"00:08:13,000","00:08:14,000",أيوة حسونا,أيوة حسونا,Ayou Hasuna,neutral,neutral
"00:08:14,000","00:08:16,000",والله إحنا عم نوصل مكان حلو صراحة,والله إحنا عم نوصل مكان حلو صراحة,"By God, we are not expressing a sweet place openly",embarrassment,mild
"00:08:16,000","00:08:16,000",مش حسونا بس,مش حسونا بس,مش حسونا بس,neutral,neutral
"00:08:16,000","00:08:17,000",أوف,أوف,Off,neutral,neutral
"00:08:17,000","00:08:18,000",كمان؟,كمان؟,also?,curiosity,mild
"00:08:18,000","00:08:18,000",أي,أي,any,neutral,neutral
"00:08:18,000","00:08:20,000",الأقام حتزيد كمان شوي بالراتينغ,الأقام حتزيد كمان شوي بالراتينغ,The residence will increase,optimism,mild
"00:08:20,000","00:08:21,000",أوه أنا حس كده برضه,أوه أنا حس كده برضه,"Oh, I feel like this",realization,mild
"00:08:21,000","00:08:22,000",أنا انبسطت قوي يعني,أنا انبسطت قوي يعني,"I am strong, I mean",pride,mild
"00:08:22,000","00:08:23,000",سأليني أسئلة,سأليني أسئلة,He asked me questions,curiosity,mild
"00:08:23,000","00:08:25,000",أنت قلت إنه في الكولتر بتاعت الأردن,أنت قلت إنه في الكولتر بتاعت الأردن,You said it is in the cholester,confusion,mild
"00:08:25,000","00:08:27,000",الولد هو اللي بيشيل الليلة كلها,الولد هو اللي بيشيل الليلة كلها,الولد هو اللي بيشيل الليلة كلها,admiration,moderate
"00:08:27,000","00:08:30,000",هل بعد كده بقى بعد الزواج,هل بعد كده بقى بعد الزواج,Do you stay after marriage?,curiosity,mild
"00:08:30,000","00:08:32,000",الولد برضه بيفضل يشيل الليلة,الولد برضه بيفضل يشيل الليلة,"The boy, with his consent, preferable",approval,mild
"00:08:32,000","00:08:34,000",ولا هل بتبدأ بقى الدنيا تتقسم,ولا هل بتبدأ بقى الدنيا تتقسم,And do you start the rest of the world is divided,confusion,mild
"00:08:34,000","00:08:35,000",ما بينهم هما الاتنين,ما بينهم هما الاتنين,What is between them are the two,neutral,neutral
"00:08:35,000","00:08:36,000",يعني شوفي فيه ناس,يعني شوفي فيه ناس,"I mean, see people in it",curiosity,mild
"00:08:36,000","00:08:38,000",تتفق مع بعض إنه لا,تتفق مع بعض إنه لا,It agrees with some that it does not,confusion,mild
"00:08:38,000","00:08:40,000",إحنا بعد الزواج بنصير,إحنا بعد الزواج بنصير,We are after marriage,neutral,neutral
"00:08:40,000","00:08:41,000",نتقسم إنت عليك الأكل,نتقسم إنت عليك الأكل,We divide you to eat,neutral,neutral
"00:08:41,000","00:08:43,000",أنا علي البيت,أنا علي البيت,I am at home,neutral,neutral
"00:08:43,000","00:08:45,000",والأولاد ووا ووا ووا,والأولاد ووا ووا ووا,Wallolad said,neutral,neutral
"00:08:45,000","00:08:46,000",وفيه ناس لا بيقولك أنا,وفيه ناس لا بيقولك أنا,And in it people does not say you,confusion,mild
"00:08:46,000","00:08:47,000",بحاسب كل شي,بحاسب كل شي,On everything,neutral,neutral
"00:08:47,000","00:08:48,000",أيوة أنا مش عايز أعرف عن الناس,أيوة أنا مش عايز أعرف عن الناس,"Oh, I do not want to know about people",annoyance,mild
"00:08:48,000","00:08:49,000",أنا عايز أعرف عنك أنت,أنا عايز أعرف عنك أنت,I want to know about you,curiosity,mild
"00:08:49,000","00:08:50,000",بتعرف عليك أنت,بتعرف عليك أنت,You know you,neutral,neutral
"00:08:50,000","00:08:51,000",أنا صراحة,أنا صراحة,I am frankly,neutral,neutral
"00:08:51,000","00:08:53,000",بستمتع إني أنا أدفع دائما,بستمتع إني أنا أدفع دائما,Enjoy I am always paying,pride,mild
"00:08:53,000","00:08:54,000",تستمتع؟,تستمتع؟,Enjoy?,curiosity,mild
"00:08:54,000","00:08:55,000",بستمتع,بستمتع,Enjoy,neutral,neutral
"00:08:55,000","00:08:57,000",يعني أنا بستمتع لما أنا حاسب عن الناس,يعني أنا بستمتع لما أنا حاسب عن الناس,"I mean, I am enjoying what I am computer",confusion,moderate
"00:08:57,000","00:08:59,000",يعني بحب هذا الشعور قوي,يعني بحب هذا الشعور قوي,"I mean, I love this feeling strong",joy,intense
"00:08:59,000","00:09:01,000",تستمتع بتستمتع يعني؟,تستمتع بتستمتع يعني؟,Enjoy enjoying?,curiosity,mild
"00:09:01,000","00:09:01,000",آه والله,آه والله,Oh God,surprise,moderate
"00:09:01,000","00:09:02,000",مش حجزب عليك,مش حجزب عليك,Do not reserve you,annoyance,mild
"00:09:02,000","00:09:03,000",كمان؟,كمان؟,also?,curiosity,mild
"00:09:03,000","00:09:04,000",لا والله كثير هيك,لا والله كثير هيك,"No, by God, many heck",disapproval,moderate
"00:09:04,000","00:09:05,000",طب هو بتستمتع يعني وراضي,طب هو بتستمتع يعني وراضي,Medicine is enjoying and is satisfied,approval,mild
"00:09:05,000","00:09:07,000",مش اللي هو بقى بتقفقف,مش اللي هو بقى بتقفقف,مش اللي هو بقى بتقفقف,confusion,moderate
"00:09:07,000","00:09:08,000",أنا هيدا أنا أدفع لك ده وده وده,أنا هيدا أنا أدفع لك ده وده وده,I am paying you this friendliness,caring,mild
"00:09:08,000","00:09:09,000",طب لو أنا خارجين مثلاً,طب لو أنا خارجين مثلاً,"Medicine if I am out, for example",neutral,neutral
"00:09:09,000","00:09:11,000",وصحابي البنات جم قعدوا معينا,وصحابي البنات جم قعدوا معينا,"And my daughters of the girls, they sat in a certain one",neutral,neutral
"00:09:11,000","00:09:12,000",هتدفع لهم برضه,هتدفع لهم برضه,You will pay them with his consent,neutral,neutral
"00:09:12,000","00:09:13,000",ولا هتقولهم لا حاسبوا,ولا هتقولهم لا حاسبوا,"And you will not tell them, they are not held accountable",disapproval,mild
"00:09:13,000","00:09:13,000",شيلوا سليطكوا بقى,شيلوا سليطكوا بقى,Shelua Skitua remained,confusion,moderate
"00:09:13,000","00:09:14,000",لا,لا,no,neutral,neutral
"00:09:14,000","00:09:15,000",ما أتوقعش,ما أتوقعش,I don't expect,disappointment,mild
"00:09:15,000","00:09:16,000",بس ممكن أحاسب عنك صراحة,بس ممكن أحاسب عنك صراحة,But I can be held accountable for you openly,optimism,moderate
"00:09:16,000","00:09:17,000",أكيد,أكيد,Of course,neutral,neutral
"00:09:17,000","00:09:18,000",بس مش ها,بس مش ها,Very meshes,confusion,moderate
"00:09:18,000","00:09:19,000",بس صحابي نو,بس صحابي نو,Very new companion,neutral,neutral
"00:09:19,000","00:09:19,000",بس أنا,بس أنا,But I am,neutral,neutral
"00:09:19,000","00:09:20,000",طب لو عيد ميلادي مثلاً,طب لو عيد ميلادي مثلاً,"Medicine, if my birthday, for example",neutral,neutral
"00:09:20,000","00:09:22,000",آه أكيد أنا هحاسب عن كل حاجة,آه أكيد أنا هحاسب عن كل حاجة,"Oh, I am sure, I will be held accountable for everything",nervousness,moderate
"00:09:33,000","00:09:35,000",هحوش لها بالمصري؟,هحوش لها بالمصري؟,Hahmha for her in the Egyptian?,confusion,moderate
"00:09:35,000","00:09:36,000",هتحوش لها آه,هتحوش لها آه,You will not be her ah,disapproval,mild
"00:09:36,000","00:09:37,000",هحوش لها بالمصري يعني,هحوش لها بالمصري يعني,Hosh for her in the Egyptian means,confusion,moderate
"00:09:37,000","00:09:39,000",يعني مقعد أحوش فلوس,يعني مقعد أحوش فلوس,"I mean, the seat of the monsters",confusion,moderate
"00:09:39,000","00:09:41,000",أحط فلوس فوق فلوس فوق فلوس,أحط فلوس فوق فلوس فوق فلوس,Put money over money over money,desire,moderate
"00:09:41,000","00:09:42,000",عشان أجيب لك الهداية اللي أنت عايزها,عشان أجيب لك الهداية اللي أنت عايزها,عشان أجيب لك الهداية اللي أنت عايزها,caring,moderate
"00:09:42,000","00:09:44,000",سارة أنا عندي مشكلة شوي يعني بالمصري,سارة أنا عندي مشكلة شوي يعني بالمصري,"Sarah, I have a problem, I mean, Egyptian",confusion,moderate
"00:09:44,000","00:09:45,000",فعشان هيك مش عم بفهم كل,فعشان هيك مش عم بفهم كل,فعشان هيك مش عم بفهم كل,confusion,moderate
"00:09:45,000","00:09:47,000",لا عايزي هتتعود,لا عايزي هتتعود,I don't want to get used to,neutral,neutral
"00:09:47,000","00:09:47,000",هتعوديني؟,هتعوديني؟,Will you return me?,curiosity,mild
"00:09:47,000","00:09:49,000",اللقنة سهلة بس لما تاخد عليها,اللقنة سهلة بس لما تاخد عليها,"Luqnah is easy, but when you take it",neutral,neutral
"00:09:49,000","00:09:50,000",كده كده يعني,كده كده يعني,كده كده يعني,neutral,neutral
"00:09:50,000","00:09:52,000",كده كده ده كلمتي,كده كده ده كلمتي,كده كده ده كلمتي,pride,mild
"00:09:52,000","00:09:54,000",هاي الكلمة تعلمتها جديد,هاي الكلمة تعلمتها جديد,"Hi, the word I learned new",excitement,mild
"00:09:54,000","00:09:54,000",كده كده,كده كده,That's like that,neutral,neutral
"00:09:54,000","00:09:55,000",كده كده,كده كده,That's like that,neutral,neutral
"00:09:56,000","00:09:58,000",يعني اسمها أنا ما أبقي كرات,يعني اسمها أنا ما أبقي كرات,"It means her name, I do not keep balls",confusion,moderate
"00:09:58,000","00:09:59,000",سرعة,سرعة,speed,neutral,neutral
"00:10:00,000","00:10:02,000",بالعادة أنا بحسه صعب,بالعادة أنا بحسه صعب,"Usually, I am difficult",pride,mild
"00:10:02,000","00:10:03,000",فمعطيك ريت قسطوري,فمعطيك ريت قسطوري,I give you a gastourian,neutral,neutral
"00:10:03,000","00:10:05,000",عشان أنت فيكي وأنا كمان,عشان أنت فيكي وأنا كمان,Because you are in you and I also,neutral,neutral
"00:10:05,000","00:10:06,000",هتتفاجئ,هتتفاجئ,You will be surprised,surprise,moderate
"00:10:06,000","00:10:08,000",بما أنه أنا معطيك هذا الريت معناتو,بما أنه أنا معطيك هذا الريت معناتو,Since I give you this irrigate Maanato,confusion,moderate
"00:10:08,000","00:10:09,000",إحنا عم نوصل لمكان حلو جداً,إحنا عم نوصل لمكان حلو جداً,We are reaching a very sweet place,optimism,moderate
"00:10:09,000","00:10:11,000",مع أنها كانت روف ستورت,مع أنها كانت روف ستورت,Although it was Rove Stort,neutral,neutral
"00:10:11,000","00:10:12,000",بس دلوقتي لا خلاص,بس دلوقتي لا خلاص,But now you are not salvation,disappointment,mild
"00:10:12,000","00:10:15,000",لا دلوقتي بقينا حبايب وزاز قوي,لا دلوقتي بقينا حبايب وزاز قوي,"No now, we stayed, Habayeb and Zaz, strong",pride,moderate
"00:10:15,000","00:10:16,000",يا رب نفضل كده لآخر الحلقة,يا رب نفضل كده لآخر الحلقة,"O Lord, we prefer that to the last episode",disappointment,mild
"00:10:16,000","00:10:17,000",لا لا كده هنفضل,لا لا كده هنفضل,"No, no, we will prefer",optimism,moderate
"00:10:17,000","00:10:19,000",هنكون أحسن من كده بحس,هنكون أحسن من كده بحس,We will be better than that sense,optimism,moderate
"00:10:19,000","00:10:20,000",وأنا كمان برضه,وأنا كمان برضه,I am also satisfied,neutral,neutral
"00:10:31,000","00:10:32,000",ستيك ترياكي,ستيك ترياكي,Steak Treacy,neutral,neutral
"00:10:32,000","00:10:34,000",والله وشكله زاكي قوي,والله وشكله زاكي قوي,By God and his shape Zaki is strong,admiration,moderate
"00:10:34,000","00:10:36,000",أنا مش عارفة ده تشيكن ولا شريمتة ولا إيه,أنا مش عارفة ده تشيكن ولا شريمتة ولا إيه,"I don’t know this, no church, or what",confusion,mild
"00:10:36,000","00:10:37,000",لا تشيك,لا تشيك,No Czech,neutral,neutral
"00:10:37,000","00:10:38,000",أنت بتحب الستيك؟,أنت بتحب الستيك؟,You love the steak?,curiosity,mild
"00:10:38,000","00:10:39,000",أحب الستيك جداً,أحب الستيك جداً,I love the steak very much,joy,moderate
"00:10:39,000","00:10:40,000",آه,آه,Oh,neutral,neutral
"00:10:40,000","00:10:41,000",جداً,جداً,very,neutral,neutral
"00:10:41,000","00:10:42,000",شوف لي كيه إذا إنه زاكي أو لا,شوف لي كيه إذا إنه زاكي أو لا,Look for me if it is Zaki or not,curiosity,mild
"00:10:42,000","00:10:43,000",ماشي يلا وأنا كمان هدو,ماشي يلا وأنا كمان هدو,Walk at night and I am also guided,neutral,neutral
"00:10:44,000","00:10:46,000",جداً جيد,جداً جيد,Very good,approval,mild
"00:10:46,000","00:10:48,000",حسونة أنت بتحب الليلة وكده,حسونة أنت بتحب الليلة وكده,"Hassouna, you love tonight and that",curiosity,mild
"00:10:48,000","00:10:51,000",ولا بتفضل أن أنت مثلاً تخرج في حتة هادية بقى,ولا بتفضل أن أنت مثلاً تخرج في حتة هادية بقى,"I do not prefer that you, for example, come out in Hadia",disapproval,mild
"00:10:51,000","00:10:53,000",شوفي مبدئياً أنا حسونة حبها قوي صراحة,شوفي مبدئياً أنا حسونة حبها قوي صراحة,"I see in principle, I am a sense of love, frankly, frankly",love,moderate
"00:10:53,000","00:10:54,000",بجد؟,بجد؟,seriously?,surprise,mild
"00:10:54,000","00:10:56,000",يعني آه حبيتها منك يعني,يعني آه حبيتها منك يعني,"I mean, I loved it from you, I mean",love,mild
"00:10:56,000","00:10:58,000",هيطلع معك غزل منيح,هيطلع معك غزل منيح,I will see a yarn with you,curiosity,mild
"00:10:58,000","00:10:59,000",أيوة ححاول هحاول هنشوف,أيوة ححاول هحاول هنشوف,"Oh, I will try to try to see",neutral,neutral
"00:10:59,000","00:11:00,000",شربنا في الغزل؟,شربنا في الغزل؟,We drank yarn?,confusion,mild
"00:11:00,000","00:11:01,000",معرفش هنشوف,معرفش هنشوف,I don't know we will see,neutral,neutral
"00:11:01,000","00:11:03,000",طيب أوكي هجوبك على السؤال,طيب أوكي هجوبك على السؤال,"Ok, OK, I will come to the question",neutral,neutral
"00:11:03,000","00:11:04,000",إذا كنت في الأردن مثلاً,إذا كنت في الأردن مثلاً,"If you are in Jordan, for example",neutral,neutral
"00:11:04,000","00:11:07,000",يعني بضل رايق وهادي,يعني بضل رايق وهادي,"I mean, with a stray and Hadi",neutral,neutral
"00:11:07,000","00:11:08,000",إذا طلعت برا بسافر برا,إذا طلعت برا بسافر برا,"If you go by land, travel by land",neutral,neutral
"00:11:08,000","00:11:10,000",ممكن أطلع أسهر في أماكن,ممكن أطلع أسهر في أماكن,I can see the stay in places,curiosity,mild
"00:11:10,000","00:11:11,000",أجرب أماكن جديدة,أجرب أماكن جديدة,Try new places,curiosity,mild
"00:11:11,000","00:11:14,000",أنا لازم أحكي لك شغلة عني سارة,أنا لازم أحكي لك شغلة عني سارة,I have to tell you Sarah,neutral,neutral
"00:11:14,000","00:11:15,000",أنا بقدر أصحابي كتير,أنا بقدر أصحابي كتير,I am as much as my friends,neutral,neutral
"00:11:15,000","00:11:18,000",طيب لما يبقى فيه بارتنير وأصحابك,طيب لما يبقى فيه بارتنير وأصحابك,طيب لما يبقى فيه بارتنير وأصحابك,neutral,neutral
"00:11:18,000","00:11:19,000",إزاي هتعمل توافق بينهم؟,إزاي هتعمل توافق بينهم؟,How will you work between them?,curiosity,mild
"00:11:19,000","00:11:21,000",لازم الاثنين يتوافقوا مع بعض,لازم الاثنين يتوافقوا مع بعض,The two must agree with each other,neutral,neutral
"00:11:21,000","00:11:22,000",طيب ولو لأ؟,طيب ولو لأ؟,"Ok, even if not?",curiosity,mild
"00:11:22,000","00:11:24,000",إذا ما توافقوش مشكلة,إذا ما توافقوش مشكلة,If you agree a problem,neutral,neutral
"00:11:24,000","00:11:25,000",يعني عن جد مشكلة,يعني عن جد مشكلة,I mean very problem,confusion,mild
"00:11:25,000","00:11:26,000",لأنه أنا أغلب وقتي,لأنه أنا أغلب وقتي,Because I am most of my time,neutral,neutral
"00:11:26,000","00:11:27,000",يعني مثلاً إذا بشتغل,يعني مثلاً إذا بشتغل,"I mean, for example, if I work",neutral,neutral
"00:11:27,000","00:11:29,000",لازم آخر الليل أشوف أصحابي,لازم آخر الليل أشوف أصحابي,"I need the end of the night, I see my friends",desire,mild
"00:11:29,000","00:11:30,000",إزاي القهوة عندنا كده؟,إزاي القهوة عندنا كده؟,How do we have coffee?,curiosity,mild
"00:11:30,000","00:11:30,000",تقريباً,تقريباً,almost,neutral,neutral
"00:11:30,000","00:11:32,000",في الأردن بقى إيه المتعرف عليه غير القهوة؟,في الأردن بقى إيه المتعرف عليه غير القهوة؟,"In Jordan, what is the identifier other than coffee?",curiosity,mild
"00:11:32,000","00:11:34,000",حلقاً إحنا ممكن صراحة نعمل,حلقاً إحنا ممكن صراحة نعمل,"A throat, we can explicitly work",neutral,neutral
"00:11:34,000","00:11:35,000",باربيكو نايت,باربيكو نايت,Barbico Knight,neutral,neutral
"00:11:35,000","00:11:36,000",ممكن نقعد,ممكن نقعد,Can we sit,curiosity,mild
"00:11:36,000","00:11:37,000",ممكن نعمل جامعة,ممكن نعمل جامعة,Can we work a university,curiosity,mild
"00:11:37,000","00:11:38,000",يعني ممكن أجي؟,يعني ممكن أجي؟,"I mean, can I come?",curiosity,mild
"00:11:38,000","00:11:39,000",آه طبعاً ممكن تيجي,آه طبعاً ممكن تيجي,"Oh, of course, can you come",approval,mild
"00:11:39,000","00:11:41,000",إنتي لازم تيجي أصلاً يا سارة,إنتي لازم تيجي أصلاً يا سارة,"You need to come at all, Sarah",caring,mild
"00:11:41,000","00:11:43,000",ما إحنا صرنا يعني مع بعض خلاص,ما إحنا صرنا يعني مع بعض خلاص,We did not become with some salvation,confusion,moderate
"00:11:43,000","00:11:44,000",يعني إحنا عم نتج المكان حلو,يعني إحنا عم نتج المكان حلو,"I mean, we do not produce the place sweet",disappointment,mild
"00:11:44,000","00:11:45,000",طبعاً عندي سؤال,طبعاً عندي سؤال,"Of course, I have a question",curiosity,mild
"00:11:45,000","00:11:46,000",عنديك سؤال إسأليها,عنديك سؤال إسأليها,"I have a question, ask her",curiosity,mild
"00:11:46,000","00:11:48,000",إيه الـPerfect Date في دماغك؟,إيه الـPerfect Date في دماغك؟,What is the perfect date in your brain?,curiosity,mild
"00:11:48,000","00:11:50,000",يعني لو أنت الواضح فيه بنت معجبة بيها جداً جداً جداً,يعني لو أنت الواضح فيه بنت معجبة بيها جداً جداً جداً,"I mean, if you are clear, a girl who admires her is very, very, very much",admiration,intense
"00:11:50,000","00:11:51,000",غيرك؟,غيرك؟,Other than you?,curiosity,mild
"00:11:52,000","00:11:53,000",أيوة غيري؟,أيوة غيري؟,How are you?,neutral,neutral
"00:11:53,000","00:11:53,000",آه,آه,Oh,neutral,neutral
"00:11:53,000","00:11:55,000",هيكون فين؟ هيكون عامل إزاي؟,هيكون فين؟ هيكون عامل إزاي؟,Where are you? Will it be how?,confusion,mild
"00:11:55,000","00:11:56,000",هلأ إذا فيه Perfect Date,هلأ إذا فيه Perfect Date,If there is Perfect Date,curiosity,mild
"00:11:56,000","00:11:58,000",ممكن أجهزله يعني,ممكن أجهزله يعني,I can scrub it means,confusion,mild
"00:11:58,000","00:11:58,000",ممكن يكون فيه,ممكن يكون فيه,ممكن يكون فيه,neutral,neutral
"00:11:58,000","00:11:59,000",أيوة إيه بقى؟,أيوة إيه بقى؟,What remains?,curiosity,mild
"00:11:59,000","00:11:59,000",زي إيه؟,زي إيه؟,What?,confusion,mild
"00:11:59,000","00:12:01,000",أنا عندي مفاجآت أوي,أنا عندي مفاجآت أوي,I have sudden surprises,excitement,moderate
"00:12:01,000","00:12:01,000",واو,واو,wow,surprise,mild
"00:12:01,000","00:12:04,000",يعني ممكن أفكر بالموضوع إذا كنت مع شخص مناسب,يعني ممكن أفكر بالموضوع إذا كنت مع شخص مناسب,"I mean, I can think about the topic if you are with a suitable person",curiosity,mild
"00:12:04,000","00:12:06,000",صراحة ممكن أعمل مفاجآت ما حدا بيسويها,صراحة ممكن أعمل مفاجآت ما حدا بيسويها,صراحة ممكن أعمل مفاجآت ما حدا بيسويها,excitement,moderate
"00:12:06,000","00:12:08,000",طب زي إيه؟ قولي بقى يعني عايز أمثال واحد,طب زي إيه؟ قولي بقى يعني عايز أمثال واحد,طب زي إيه؟ قولي بقى يعني عايز أمثال واحد,curiosity,mild
"00:12:08,000","00:12:11,000",يعني ممكن تكون هي بدها تروح على مسافرة معينة,يعني ممكن تكون هي بدها تروح على مسافرة معينة,"I mean, she can be, she wants to go on a specific traveler",desire,mild
"00:12:11,000","00:12:15,000",وأحجز لها تيكت وعطيها إياها بطريقة كثير حلوة يعني,وأحجز لها تيكت وعطيها إياها بطريقة كثير حلوة يعني,"I book her Tikt and give her a lot of sweet way, I mean",caring,moderate
"00:12:15,000","00:12:17,000",طيب ممكن تعمل حاجة بقى,طيب ممكن تعمل حاجة بقى,طيب ممكن تعمل حاجة بقى,curiosity,mild
"00:12:17,000","00:12:18,000",زي مثلاً سكايديبنج,زي مثلاً سكايديبنج,"For example, Skidiping",curiosity,mild
"00:12:18,000","00:12:19,000",دريم بورك,دريم بورك,Dream Burke,curiosity,mild
"00:12:19,000","00:12:20,000",ولا حاجات كده ولا إيه؟,ولا حاجات كده ولا إيه؟,Neither the needs of that nor what?,confusion,mild
"00:12:20,000","00:12:23,000",أنا شخص بيحب الـAdventures كثير,أنا شخص بيحب الـAdventures كثير,I am a person who loves Adventures a lot,pride,moderate
"00:12:23,000","00:12:25,000",فيعني إذا هي بتحب الـAdventures أكيد,فيعني إذا هي بتحب الـAdventures أكيد,It means if she loves Adventures for sure,curiosity,mild
"00:12:25,000","00:12:26,000",أنا نفسي أروح هايكنغ,أنا نفسي أروح هايكنغ,I myself go to Hiking,pride,mild
"00:12:26,000","00:12:26,000",هايكنغ؟,هايكنغ؟,Heken?,confusion,mild
"00:12:26,000","00:12:27,000",أه,أه,Yes,neutral,neutral
"00:12:27,000","00:12:28,000",أنا حدا بيحب المغامرات,أنا حدا بيحب المغامرات,I love adventures,pride,moderate
"00:12:28,000","00:12:30,000",هخليك تروحي معاي مغامرات يعني,هخليك تروحي معاي مغامرات يعني,"I will leave you with me adventures, I mean",excitement,moderate
"00:12:30,000","00:12:31,000",إذا بتحبي طبعاً,إذا بتحبي طبعاً,"If you love, of course",caring,mild
"00:12:31,000","00:12:32,000",ألا إذا بحب أنا بحب,ألا إذا بحب أنا بحب,Unless I love I love,love,mild
"00:12:32,000","00:12:34,000",ممكن تكون Life Style تبعنا قسطوري,ممكن تكون Life Style تبعنا قسطوري,You can be Life Style followed us,optimism,mild
"00:12:34,000","00:12:35,000",سوسو بقالك إيه سوسو؟,سوسو بقالك إيه سوسو؟,"Soso, what do you do Soso?",curiosity,mild
"00:12:35,000","00:12:36,000",سوسو؟,سوسو؟,Soso?,curiosity,mild
"00:12:36,000","00:12:36,000",آه,آه,Oh,neutral,neutral
"00:12:36,000","00:12:37,000",محبتيش؟,محبتيش؟,The beache?,curiosity,mild
"00:12:37,000","00:12:38,000",لا,لا,no,neutral,neutral
"00:12:38,000","00:12:39,000",حسونا أحلى أشيك,حسونا أحلى أشيك,Hassona is the sweetest check,admiration,mild
"00:12:39,000","00:12:39,000",طيب سارة,طيب سارة,Ok Sarah,neutral,neutral
"00:12:39,000","00:12:41,000",شوف حاجة غير,شوف حاجة غير,See something other than,curiosity,mild
"00:12:41,000","00:12:43,000",هو أنا معرفتش لسه اسمك الحقيقة,هو أنا معرفتش لسه اسمك الحقيقة,It is I know your truth is the truth,realization,mild
"00:12:43,000","00:12:44,000",هي سارة هي سارة,هي سارة هي سارة,"She is Sarah, she is Sarah",neutral,neutral
"00:12:44,000","00:12:45,000",خلص سارة,خلص سارة,Sarah concluded,neutral,neutral
"00:12:45,000","00:12:46,000",تاخد points على المحاولة,تاخد points على المحاولة,Take Points to try,curiosity,mild
"00:12:46,000","00:12:47,000",ثانية واحدة,ثانية واحدة,One second,neutral,neutral
"00:12:47,000","00:12:48,000",خد الوردة عشان حاولت,خد الوردة عشان حاولت,خد الوردة عشان حاولت,caring,mild
"00:12:48,000","00:12:49,000",أوف,أوف,Off,neutral,neutral
"00:12:49,000","00:12:50,000",حبيت,حبيت,I loved,joy,moderate
"00:12:50,000","00:12:51,000",هاي فيه تطور أنا,هاي فيه تطور أنا,"Hi, it is a development of me",pride,moderate
"00:12:51,000","00:12:52,000",أنا مبسوط بالتطور اللي جاعد بيصير في عملي,أنا مبسوط بالتطور اللي جاعد بيصير في عملي,أنا مبسوط بالتطور اللي جاعد بيصير في عملي,joy,moderate
"00:12:52,000","00:12:54,000",طالما فيه تحسن في الأداء,طالما فيه تحسن في الأداء,As long as it improves performance,optimism,mild
"00:12:54,000","00:12:54,000",وـ,وـ,And,neutral,neutral
"00:12:54,000","00:12:55,000",You're nicer يبقى خلص,You're nicer يبقى خلص,You're nicer remains a conclusion,approval,mild
"00:12:55,000","00:12:56,000",طيب سارة,طيب سارة,Ok Sarah,neutral,neutral
"00:12:56,000","00:12:57,000",إيش رأيك بالـ,إيش رأيك بالـ,What do you think about,curiosity,mild
"00:12:57,000","00:12:57,000",long distance,long distance,long distance,neutral,neutral
"00:12:57,000","00:12:58,000",بما أنه أنا يعني,بما أنه أنا يعني,Since I mean,neutral,neutral
"00:12:58,000","00:12:59,000",ساكن بالأردن,ساكن بالأردن,In Jordan,neutral,neutral
"00:12:59,000","00:13:00,000",تساكن بمصر,تساكن بمصر,She lives in Egypt,neutral,neutral
"00:13:00,000","00:13:01,000",فبحس الموضوع شوي,فبحس الموضوع شوي,فبحس الموضوع شوي,confusion,mild
"00:13:01,000","00:13:02,000",أنا بالنسبة إلي,أنا بالنسبة إلي,I am for me,neutral,neutral
"00:13:02,000","00:13:03,000",هيكون صعب علي شوي,هيكون صعب علي شوي,هيكون صعب علي شوي,nervousness,moderate
"00:13:03,000","00:13:03,000",فإيش رأيك إنت فيه؟,فإيش رأيك إنت فيه؟,What do you think about it?,curiosity,mild
"00:13:03,000","00:13:05,000",وأنا كمان هيكون صعب جدا,وأنا كمان هيكون صعب جدا,I will also be very difficult,nervousness,moderate
"00:13:05,000","00:13:06,000",أنا بشتاق قوي,أنا بشتاق قوي,I miss you strong,sadness,intense
"00:13:06,000","00:13:07,000",فيه حاجات كتير قوي,فيه حاجات كتير قوي,فيه حاجات كتير قوي,neutral,neutral
"00:13:07,000","00:13:08,000",ممكن تتحل يعني,ممكن تتحل يعني,Can you solve,curiosity,mild
"00:13:08,000","00:13:09,000",وأجازات بقى وكده,وأجازات بقى وكده,وأجازات بقى وكده,neutral,neutral
"00:13:09,000","00:13:10,000",Not enough,Not enough,Not enough,disappointment,moderate
"00:13:10,000","00:13:12,000",يعني نكون مع بعض أكتر,يعني نكون مع بعض أكتر,"I mean, we are with some more",neutral,neutral
"00:13:12,000","00:13:13,000",ممكن تسافر إلى الأردن؟,ممكن تسافر إلى الأردن؟,Can you travel to Jordan?,curiosity,mild
"00:13:13,000","00:13:14,000",كزيارة,كزيارة,As a visit,neutral,neutral
"00:13:14,000","00:13:15,000",لو,لو,if,neutral,neutral
"00:13:15,000","00:13:16,000",ما أكذبش عليك بصراحة يحسونا,ما أكذبش عليك بصراحة يحسونا,"I do not lie to you, frankly, you feel us",confusion,mild
"00:13:16,000","00:13:17,000",آه؟,آه؟,Oh?,surprise,mild
"00:13:17,000","00:13:18,000",كزيارة,كزيارة,As a visit,neutral,neutral
"00:13:18,000","00:13:19,000",بس ما أقدرش أعيش بره مصر,بس ما أقدرش أعيش بره مصر,But I can't live in Egypt,disappointment,moderate
"00:13:19,000","00:13:19,000",By the way,By the way,By the way,neutral,neutral
"00:13:19,000","00:13:21,000",الأردن حلوة جدا,الأردن حلوة جدا,Jordan is very sweet,admiration,mild
"00:13:21,000","00:13:21,000",أكيد,أكيد,Of course,neutral,neutral
"00:13:21,000","00:13:22,000",بس تأذرها,بس تأذرها,Very stagnation,disapproval,moderate
"00:13:22,000","00:13:23,000",لكن أعيش بره مصر,لكن أعيش بره مصر,But I live in Egypt,neutral,neutral
"00:13:23,000","00:13:24,000",صعب,صعب,difficult,neutral,neutral
"00:13:24,000","00:13:25,000",بس شوفي الموضوع هذا,بس شوفي الموضوع هذا,But see this topic,neutral,neutral
"00:13:25,000","00:13:26,000",يعني بسيط,يعني بسيط,"I mean, simple",neutral,neutral
"00:13:26,000","00:13:27,000",هنلاجي له حل بالآخر يعني,هنلاجي له حل بالآخر يعني,"We have a solution to the other, I mean",optimism,mild
"00:13:27,000","00:13:28,000",ممكن,ممكن,maybe,neutral,neutral
"00:13:28,000","00:13:29,000",أمور سهلة,أمور سهلة,Easy things,optimism,mild
"00:13:29,000","00:13:29,000",كده كده,كده كده,That's like that,neutral,neutral
"00:13:29,000","00:13:30,000",كده كده,كده كده,That's like that,neutral,neutral
"00:13:30,000","00:13:31,000",كده كده هنلاجي له حل,كده كده هنلاجي له حل,كده كده هنلاجي له حل,optimism,mild
"00:13:31,000","00:13:31,000",كده كده,كده كده,That's like that,neutral,neutral
"00:13:31,000","00:13:32,000",أيوة,أيوة,yeah,neutral,neutral
"00:13:34,000","00:13:35,000",بالله,بالله,God,admiration,mild
"00:13:36,000","00:13:36,000",ريتس,ريتس,Ritz,neutral,neutral
"00:13:37,000","00:13:38,000",أطيفين,أطيفين,Imjayer,neutral,neutral
"00:13:38,000","00:13:39,000",على فكرة أنا,على فكرة أنا,By the way I am,neutral,neutral
"00:13:39,000","00:13:40,000",موجبة,موجبة,Positive,optimism,mild
"00:13:40,000","00:13:41,000",ما أتوقع أكثر مني صراحة,ما أتوقع أكثر مني صراحة,I do not expect more than me explicitly,disappointment,mild
"00:13:41,000","00:13:42,000",يا سلام,يا سلام,Oh peace,admiration,mild
"00:13:42,000","00:13:43,000",آه,آه,Oh,neutral,neutral
"00:13:43,000","00:13:44,000",أنا داي صغيرة فمش عارفة,أنا داي صغيرة فمش عارفة,"I am young, so I don’t know",confusion,mild
"00:13:44,000","00:13:45,000",أعبر أكتر من كده,أعبر أكتر من كده,I cross more than that,pride,mild
"00:13:45,000","00:13:47,000",أنا بالنسبة لي موضوع الريتس عندي مهم,أنا بالنسبة لي موضوع الريتس عندي مهم,"For me, I am important",pride,moderate
"00:13:47,000","00:13:48,000",فاليوم,فاليوم,Today,neutral,neutral
"00:13:48,000","00:13:49,000",أعطيت زيادة,أعطيت زيادة,I was given an increase,joy,moderate
"00:13:49,000","00:13:50,000",وأنا كمان,وأنا كمان,Me too,neutral,neutral
"00:13:50,000","00:13:51,000",بوردة ولا من غير وردة؟,بوردة ولا من غير وردة؟,Burda or without a rose?,curiosity,mild
"00:13:51,000","00:13:53,000",الوردة موجودة على الطاولة يعني,الوردة موجودة على الطاولة يعني,"The rose is on the table, meaning",neutral,neutral
"00:13:53,000","00:13:53,000",مش عارف كده,مش عارف كده,مش عارف كده,confusion,mild
"00:13:53,000","00:13:54,000",ممكن حسب أو لا,ممكن حسب أو لا,Possible by or not,confusion,mild
"00:13:54,000","00:13:57,000",أصلا زيادة أعطيتها على الترابيزة فقلت يعني,أصلا زيادة أعطيتها على الترابيزة فقلت يعني,"Originally, I gave it to the table, so I said, I mean",neutral,neutral
"00:13:57,000","00:13:58,000",هاي منك فمش حشيلها,هاي منك فمش حشيلها,"Hi from you, not to be stuffed",disapproval,mild
"00:13:58,000","00:13:59,000",عرفتين؟,عرفتين؟,Two customs?,curiosity,mild
"00:13:59,000","00:14:00,000",أنا زلمة باهتم في التفاصيل جدا,أنا زلمة باهتم في التفاصيل جدا,I am very careful in the details,pride,moderate
"00:14:00,000","00:14:01,000",خطير,خطير,dangerous,fear,mild
"00:14:01,000","00:14:01,000",حضرية,حضرية,Urbanization,neutral,neutral
"00:14:01,000","00:14:02,000",حضرنا آخر الحلقة,حضرنا آخر الحلقة,We attended the last episode,neutral,neutral
"00:14:06,000","00:14:07,000",طيب سارة,طيب سارة,Ok Sarah,neutral,neutral
"00:14:07,000","00:14:09,000",بتتوقع شكلي,بتتوقع شكلي,Form,neutral,neutral
"00:14:09,000","00:14:10,000",كيف رح يكون؟,كيف رح يكون؟,How will it be?,curiosity,mild
"00:14:10,000","00:14:11,000",بجد ما عرفش خالص,بجد ما عرفش خالص,"Seriously, I don't know",confusion,moderate
"00:14:11,000","00:14:12,000",آه؟,آه؟,Oh?,curiosity,mild
"00:14:12,000","00:14:13,000",بس حس شعرك بني,بس حس شعرك بني,But your hair is brown,neutral,neutral
"00:14:13,000","00:14:13,000",بني؟,بني؟,brown?,curiosity,mild
"00:14:13,000","00:14:14,000",آه,آه,Oh,neutral,neutral
"00:14:14,000","00:14:14,000",جريب,جريب,Getbon,neutral,neutral
"00:14:14,000","00:14:16,000",طيب وإنت تفتكر شكلي عامل إزاي؟,طيب وإنت تفتكر شكلي عامل إزاي؟,"Ok, and you think about my shape, how?",curiosity,moderate
"00:14:16,000","00:14:18,000",أنا صراحة متوقعك حلوة,أنا صراحة متوقعك حلوة,I am frankly expected sweet,pride,mild
"00:14:18,000","00:14:18,000",عندك حق,عندك حق,You have a right,approval,mild
"00:14:18,000","00:14:20,000",شعرك لونه أسود ممكن,شعرك لونه أسود ممكن,Your hair is black possible,curiosity,mild
"00:14:20,000","00:14:22,000",عيونك بنية,عيونك بنية,Your eyes are brown,neutral,neutral
"00:14:22,000","00:14:22,000",مش كله صح,مش كله صح,Not all true,disapproval,mild
"00:14:22,000","00:14:23,000",نص نص,نص نص,Text,neutral,neutral
"00:14:23,000","00:14:24,000",نص نص؟,نص نص؟,Text text?,curiosity,mild
"00:14:24,000","00:14:24,000",نص نص,نص نص,Text,neutral,neutral
"00:14:24,000","00:14:25,000",نكتشف هلأ مع بعض,نكتشف هلأ مع بعض,We discover a bit with each other,curiosity,mild
"00:14:25,000","00:14:26,000",جريب,جريب,Getbon,neutral,neutral
"00:14:26,000","00:14:27,000",جريب,جريب,Getbon,neutral,neutral
"00:14:27,000","00:14:28,000",حلو,حلو,sweet,admiration,mild
"00:14:28,000","00:14:29,000",هاي كم تحكي كلمات وردنية,هاي كم تحكي كلمات وردنية,"Hi, how much do you tell William words",curiosity,mild
"00:14:29,000","00:14:32,000",أنا بحكي كلمات مصرية فيه كويس,أنا بحكي كلمات مصرية فيه كويس,I tell Egyptian words in it good,pride,mild
"00:14:32,000","00:14:33,000",كده كده بقى,كده كده بقى,This is how it remained,neutral,neutral
"00:14:33,000","00:14:33,000",كده كده,كده كده,That's like that,neutral,neutral
"00:14:33,000","00:14:34,000",بقولك إيه سارة,بقولك إيه سارة,"Say you, Sarah",neutral,neutral
"00:14:34,000","00:14:37,000",تفتكرين نطلع مع بعض مرة تانية؟,تفتكرين نطلع مع بعض مرة تانية؟,Do you think we look together again?,curiosity,mild
"00:14:41,000","00:14:42,000",هاي,هاي,هاي,neutral,neutral
"00:14:42,000","00:14:43,000",إزايك؟,إزايك؟,How?,confusion,mild
"00:14:43,000","00:14:44,000",إزايك؟,إزايك؟,How?,confusion,mild
"00:14:44,000","00:14:45,000",طلعت حلوة قوي,طلعت حلوة قوي,Talaat sweet strong,admiration,mild
"00:14:46,000","00:14:47,000",في الأخبار,في الأخبار,In the news,neutral,neutral
"00:14:47,000","00:14:48,000",مش كله مع بعض كتير,مش كله مع بعض كتير,مش كله مع بعض كتير,neutral,neutral
"00:14:48,000","00:14:50,000",يعني هو على الضو شوي,يعني هو على الضو شوي,"I mean, it is on the shore",neutral,neutral
"00:14:50,000","00:14:51,000",أيوة,أيوة,yeah,neutral,neutral
"00:14:51,000","00:14:52,000",بس هو أسود مع بني,بس هو أسود مع بني,But it is black with brown,neutral,neutral
"00:14:52,000","00:14:54,000",أعطتك ياس في الأخبار,أعطتك ياس في الأخبار,Yas gave you the news,neutral,neutral
"00:14:54,000","00:14:54,000",وأنا كمان,وأنا كمان,Me too,neutral,neutral
"00:14:54,000","00:14:56,000",بس إحنا شوي كانت بالبداية صعبة,بس إحنا شوي كانت بالبداية صعبة,بس إحنا شوي كانت بالبداية صعبة,annoyance,mild
"00:14:56,000","00:14:57,000",بس عشان,بس عشان,بس عشان,neutral,neutral
"00:14:57,000","00:14:58,000",بس خلاص,بس خلاص,But salvation,relief,mild
"00:14:58,000","00:15:00,000",لما خلص لجام الحجز صار الموضوع سهل,لما خلص لجام الحجز صار الموضوع سهل,"When the reservation bridle was concluded, the topic became easy",relief,mild
"00:15:00,000","00:15:01,000",طب قلت ياس ليه؟,طب قلت ياس ليه؟,Why did you say Yas?,curiosity,mild
"00:15:01,000","00:15:03,000",الموضوع صار كثير أسهل وأحلى وهيك,الموضوع صار كثير أسهل وأحلى وهيك,The topic has become much easier and sweeter,relief,mild
"00:15:03,000","00:15:04,000",فكينا,فكينا,Disagree,disapproval,mild
"00:15:04,000","00:15:05,000",وأنت طلعت حلوة بعدين,وأنت طلعت حلوة بعدين,And you came up with a sweet dimension,admiration,mild
"00:15:05,000","00:15:05,000",فكينا,فكينا,Disagree,disapproval,mild
"00:15:05,000","00:15:05,000",فانكيو,فانكيو,Vancio,neutral,neutral
"00:15:05,000","00:15:06,000",فهذا إشي كويس,فهذا إشي كويس,This is a good thing,approval,mild
"00:15:06,000","00:15:07,000",فكينا وإنت كمان,فكينا وإنت كمان,We are also violin,neutral,neutral
"00:15:07,000","00:15:09,000",فهاي ياس الأمور تمام,فهاي ياس الأمور تمام,Fahi Yas is perfect,admiration,mild
"00:15:16,000","00:15:16,000",وإنت؟,وإنت؟,And you?,curiosity,mild
"00:15:16,000","00:15:17,000",محمد,محمد,Mohammed,neutral,neutral
"00:15:17,000","00:15:17,000",محمد؟,محمد؟,Mohammed?,curiosity,mild
"00:15:17,000","00:15:19,000",بس بيحكولي صباغ يعني,بس بيحكولي صباغ يعني,"Just tell me Sabbagh, I mean",neutral,neutral
"00:15:19,000","00:15:20,000",كيف شفتي بدات؟,كيف شفتي بدات؟,How did you see?,curiosity,mild
"00:15:20,000","00:15:20,000",كان حلو,كان حلو,It was sweet,admiration,mild
"00:15:20,000","00:15:21,000",آه,آه,Oh,neutral,neutral
"00:15:21,000","00:15:22,000",بتدى صعب,بتدى صعب,Error 500 (Server Error)!!1500.That’s an error.There was an error. Please try again later.That’s all we know.,annoyance,moderate
"00:15:22,000","00:15:23,000",بس بقى حلو,بس بقى حلو,But it remained sweet,admiration,mild
"00:15:23,000","00:15:25,000",بعدين مصري وأردني,بعدين مصري وأردني,Two Egyptian dimensions and Jordan,neutral,neutral
"00:15:25,000","00:15:26,000",آه بس تعلمت,آه بس تعلمت,"Oh, but I learned",realization,mild
"00:15:26,000","00:15:27,000",آه,آه,Oh,neutral,neutral
"00:15:27,000","00:15:28,000",هسه هسه بنشوف,هسه هسه بنشوف,"Hessa, we will see you",neutral,neutral
"00:15:28,000","00:15:30,000",آه هسه صوتك هسه كويس,آه هسه صوتك هسه كويس,"Oh, your voice is good",admiration,mild
"00:15:30,000","00:15:32,000",هاي الكلمة يعني تعتبر,هاي الكلمة يعني تعتبر,"Hi, the word means considered",neutral,neutral
"00:15:32,000","00:15:33,000",هاي بتحكي,هاي بتحكي,Vanguard,neutral,neutral
"00:15:33,000","00:15:33,000",وإنت تعلمت إيه؟,وإنت تعلمت إيه؟,And you learned what?,curiosity,mild
"00:15:33,000","00:15:34,000",كده كده,كده كده,That's like that,neutral,neutral
"00:15:34,000","00:15:35,000",والله شكله حلو قوي,والله شكله حلو قوي,God is a strong sweet shape,admiration,mild
"00:15:35,000","00:15:37,000",بعدين أنا حسيت في البداية,بعدين أنا حسيت في البداية,Then I felt at the beginning,realization,mild
"00:15:37,000","00:15:38,000",كنا كثير,كنا كثير,We were many,neutral,neutral
"00:15:38,000","00:15:40,000",ماخدين الموضوع جدي و,ماخدين الموضوع جدي و,Do you take the topic seriously and,curiosity,mild
"00:15:40,000","00:15:41,000",تحسوا كان تقديم شغل,تحسوا كان تقديم شغل,You felt was a job,confusion,mild
"00:15:46,000","00:15:47,000",ما بعرفش,ما بعرفش,I don't know,confusion,moderate
"00:15:47,000","00:15:48,000",بس أنا كنت عارف,بس أنا كنت عارف,But I knew,realization,mild
"00:15:48,000","00:15:49,000",بنتشوف ما قتلتيني إيه,بنتشوف ما قتلتيني إيه,Do not kill me eh,fear,moderate
"00:15:49,000","00:15:50,000",يلا بيني,يلا بيني,Yalla Benni,neutral,neutral
"00:15:50,000","00:15:51,000",الدريم جاي,الدريم جاي,Elderm,neutral,neutral
"00:15:51,000","00:15:52,000",قتلتيني ستة,قتلتيني ستة,You killed me six,anger,moderate
"00:15:52,000","00:15:53,000",أنا ما أعطيكي خمسة,أنا ما أعطيكي خمسة,I don't give you five,annoyance,mild
"00:15:53,000","00:15:54,000",ليه قتلتني خمسة؟,ليه قتلتني خمسة؟,Why did you kill me five?,confusion,moderate
"00:15:54,000","00:15:55,000",يعني حسيت لسه كنا,يعني حسيت لسه كنا,يعني حسيت لسه كنا,confusion,mild
"00:15:55,000","00:15:56,000",فيه تنشن,فيه تنشن,فيه تنشن,,
"00:15:56,000","00:15:57,000",آه فيه تنشن فبلش تخف,آه فيه تنشن فبلش تخف,آه فيه تنشن فبلش تخف,relief,mild
"00:15:57,000","00:15:59,000",هلأ بتشوفي الألقام نيحة بتصير,هلأ بتشوفي الألقام نيحة بتصير,"Do you see the routers, Nahiha, to become",confusion,moderate
"00:15:59,000","00:16:01,000",بس المال أنا بس قتلتك إيه؟,بس المال أنا بس قتلتك إيه؟,"But money, I just killed you?",confusion,moderate
"00:16:01,000","00:16:02,000",قلب وفلور,قلب وفلور,The Heart of Waver,neutral,neutral
"00:16:02,000","00:16:04,000",أنا قتلتك عشرة وفلور,أنا قتلتك عشرة وفلور,I killed you ten and Flore,anger,moderate
"00:16:04,000","00:16:05,000",أوكي نايس,أوكي نايس,Occi Nice,neutral,neutral
"00:16:05,000","00:16:05,000",يعني جريبين من بعض,يعني جريبين من بعض,"I mean, Gripin from some",confusion,mild
"00:16:05,000","00:16:06,000",فرنو,فرنو,Frano,neutral,neutral
"00:16:06,000","00:16:08,000",طيب بس بقى في الليفستايل؟,طيب بس بقى في الليفستايل؟,طيب بس بقى في الليفستايل؟,curiosity,mild
"00:16:08,000","00:16:08,000",آه,آه,Oh,neutral,neutral
"00:16:08,000","00:16:09,000",عشان نشبه بعض يعني طلعنا,عشان نشبه بعض يعني طلعنا,عشان نشبه بعض يعني طلعنا,realization,mild
"00:16:09,000","00:16:10,000",فعلاً؟,فعلاً؟,actually?,curiosity,mild
"00:16:10,000","00:16:10,000",آه,آه,Oh,neutral,neutral
"00:16:10,000","00:16:11,000",فكويس يعني,فكويس يعني,Voyex means,confusion,mild
"00:16:11,000","00:16:13,000",طلعنا كثير نشبه بعض وجريبين,طلعنا كثير نشبه بعض وجريبين,We got a lot like some and grapes,confusion,mild
"00:16:13,000","00:16:14,000",أنا حبيت صراحة,أنا حبيت صراحة,I loved frankly,love,moderate
"00:16:14,000","00:16:14,000",وأنا كمان,وأنا كمان,Me too,love,mild
"00:16:14,000","00:16:15,000",أنت حبيتي تديت؟,أنت حبيتي تديت؟,Did you love you?,curiosity,mild
"00:16:15,000","00:16:16,000",آه قوي بسطت,آه قوي بسطت,"Oh, strong",admiration,mild
"00:16:16,000","00:16:18,000",هنطلع مع بعض مرة تانية؟,هنطلع مع بعض مرة تانية؟,We are looking together again?,curiosity,mild
"00:16:18,000","00:16:19,000",في الأردن ولا في مصر؟,في الأردن ولا في مصر؟,In Jordan or in Egypt?,curiosity,mild
"00:16:19,000","00:16:20,000",اثنين,اثنين,two,neutral,neutral
"00:16:20,000","00:16:20,000",أوكي,أوكي,okay,neutral,neutral
"00:16:20,000","00:16:22,000",ما تنسوش تعملوا لايك للفيديو ده,ما تنسوش تعملوا لايك للفيديو ده,You don't forget to do this video,neutral,neutral
"00:16:22,000","00:16:23,000",وفولوه بإنستيركل على فيسبوك,وفولوه بإنستيركل على فيسبوك,And Voloh in Instalkel on Facebook,neutral,neutral
"00:16:23,000","00:16:24,000",وإنستجرام,وإنستجرام,Ventjaram,neutral,neutral
"00:16:24,000","00:16:25,000",وتيك توك وتويتر,وتيك توك وتويتر,Tik Talk and Twitter,neutral,neutral
"00:16:25,000","00:16:26,000",ومسبسكرايب على يوتيوب,ومسبسكرايب على يوتيوب,And Mubasreb on YouTube,neutral,neutral
"00:16:26,000","00:16:28,000",لو عايزين تيجوا في دا بلاين ديت شو,لو عايزين تيجوا في دا بلاين ديت شو,If you want to Tigua in Da Det Det Shu,confusion,mild
"00:16:28,000","00:16:29,000",اعملوا شير للفيديو ده,اعملوا شير للفيديو ده,اعملوا شير للفيديو ده,neutral,neutral
"00:16:29,000","00:16:31,000",والتاج لثلاثة من صحابكم في الكومنتز,والتاج لثلاثة من صحابكم في الكومنتز,And the crown of three of your companions in the Community,neutral,neutral
"00:16:32,000","00:16:32,000",طيب قولك إيه؟,طيب قولك إيه؟,"Ok, what do you say?",curiosity,mild
"00:16:32,000","00:16:33,000",همم,همم,Hmmm,neutral,neutral
"00:16:33,000","00:16:34,000",بتيجي على الأردن,بتيجي على الأردن,Betji on Jordan,neutral,neutral
"00:16:34,000","00:16:36,000",هتقعديني فين في الأردن؟,هتقعديني فين في الأردن؟,Where will you sit in Jordan?,curiosity,mild
"00:16:36,000","00:16:37,000",في الأردن فيها حاجات كثير حلوة,في الأردن فيها حاجات كثير حلوة,"In Jordan, there are many sweet needs",optimism,mild
"00:16:37,000","00:16:39,000",زي إيه؟,زي إيه؟,What?,confusion,mild
"00:16:39,000","00:16:40,000",يعني فيها عنا البترة,يعني فيها عنا البترة,"I mean, in it, the buttock",confusion,mild
"00:16:40,000","00:16:41,000",فيها عنا الأحلمية,فيها عنا الأحلمية,"In it, the dream about us",curiosity,mild
"00:16:41,000","00:16:42,000",أنت تعالي والموضوع سهل,أنت تعالي والموضوع سهل,You come and the topic is easy,optimism,mild
"00:16:44,000","00:16:44,000",حلو,حلو,sweet,neutral,neutral
"00:16:44,000","00:16:45,000",تفكر في الموضوع؟,تفكر في الموضوع؟,Think about the topic?,curiosity,mild
"00:16:45,000","00:16:46,000",ما تخليك في مصر؟,ما تخليك في مصر؟,What do you leave in Egypt?,curiosity,mild
"00:16:46,000","00:16:47,000",في مصر ليه؟,في مصر ليه؟,Why?,curiosity,mild
"00:16:55,000","00:16:57,000",ترجمة نانسي قنقر,ترجمة نانسي قنقر,Translated,neutral,neutral
