Start Time,End Time,Sentence,Corrected Sentence,Translation,Emotion,Intensity
"00:00:00,000","00:00:21,000",Muzyka,Muzyka,Music,neutral,neutral
"00:00:22,000","00:00:26,000","Studio Promenada, dzisiaj z promenady.","Studio Promenada, dzisiaj z promenady.","Studio Promenada, today from the promenade.",neutral,neutral
"00:00:26,000","00:00:34,000","Przy takiej pogodzie na plaży niespecjalnie można zobaczyć turystów, co innego na promenadzie właśnie.","Przy takiej pogodzie na plaży niespecjalnie można zobaczyć turystów, co innego na promenadzie właśnie.","In such weather on the beach you can not see tourists, something else on the promenade.",neutral,neutral
"00:00:34,000","00:00:39,000","Mimo, że koniec wakacji, to turystów wciąż jeszcze w Ustce sporo.","Mimo, że koniec wakacji, to turystów wciąż jeszcze w Ustce sporo.","Although the end of the holidays, they are still a lot of tourists in Ustka.",neutral,neutral
"00:00:39,000","00:00:46,000","Co robić, gdy nie można się opalać i kąpać? O to zapytamy turystów właśnie.","Co robić, gdy nie można się opalać i kąpać? O to zapytamy turystów właśnie.",What to do when you can't sunbathe and bathe? We will ask tourists about this.,curiosity,mild
"00:00:46,000","00:00:49,000","Daniel Klusek, witam w Studiu Promenada. Idziemy.","Daniel Klusek, witam w Studiu Promenada. Idziemy.","Daniel Klusek, welcome to the Promenada studio. We're going.",neutral,neutral
"00:00:49,000","00:00:52,000",Muzyka,Muzyka,Music,neutral,neutral
"00:00:52,000","00:00:55,000","Co można robić, gdy nie można się opalać?","Co można robić, gdy nie można się opalać?",What can you do when you can't sunbathe?,curiosity,mild
"00:00:55,000","00:01:01,000","Jest dużo możliwości, tym bardziej tutaj w Ustce. Po prostu możemy spacerować, zwiedzać ciekawe miejsca.","Jest dużo możliwości, tym bardziej tutaj w Ustce. Po prostu możemy spacerować, zwiedzać ciekawe miejsca.","There are a lot of possibilities, especially here in Ustka. We can just walk, visit interesting places.",optimism,mild
"00:01:01,000","00:01:07,000","Tutaj jest Muzeum Bursztynów, godne do polecenia. Można popłynąć statkiem, także na pewno jest wiele innych sposobów.","Tutaj jest Muzeum Bursztynów, godne do polecenia. Można popłynąć statkiem, także na pewno jest wiele innych sposobów.","Here is the Amber Museum, worth recommending. You can go by ship, there are certainly many other ways.",approval,mild
"00:01:07,000","00:01:08,000",Skąd Pani przyjechała?,Skąd Pani przyjechała?,Where did you come from?,curiosity,mild
"00:01:08,000","00:01:10,000","Z Przemyśla, Podkarpacie.","Z Przemyśla, Podkarpacie.","From Przemyśl, Podkarpacie.",neutral,neutral
"00:01:10,000","00:01:17,000","Słoneczka nie mamy, ale temperaturę mamy ładną. 20 stopni jest, wody, więc można popływać.","Słoneczka nie mamy, ale temperaturę mamy ładną. 20 stopni jest, wody, więc można popływać.","We don't have sunshine, but we have a nice temperature. 20 degrees is water, so you can swim.",optimism,mild
"00:01:17,000","00:01:18,000",I Pan dzisiaj już pływał?,I Pan dzisiaj już pływał?,And you were already swimming today?,curiosity,mild
"00:01:18,000","00:01:23,000",Znaczy będę pływał. W tej chwili jestem na spacerze i będziemy pływać o godzinie 14.,Znaczy będę pływał. W tej chwili jestem na spacerze i będziemy pływać o godzinie 14.,I mean I will swim. At the moment I am on a walk and we will swim at 2pm.,neutral,neutral
"00:01:23,000","00:01:26,000",Czyli brak słońca w ogóle nie przeszkadza w plażowaniu?,Czyli brak słońca w ogóle nie przeszkadza w plażowaniu?,So the lack of sun does not interfere with sunbathing at all?,curiosity,mild
"00:01:26,000","00:01:27,000","Nie, oczywiście.","Nie, oczywiście.","No, of course.",neutral,neutral
"00:01:27,000","00:01:29,000",Na pewno w takiej porze.,Na pewno w takiej porze.,Certainly at this time.,neutral,neutral
"00:01:29,000","00:01:30,000",Skąd Państwo przyjechali?,Skąd Państwo przyjechali?,Where did you come from?,curiosity,mild
"00:01:30,000","00:01:32,000","Z daleka, z Żywca aż.","Z daleka, z Żywca aż.","From a distance, from Żywiec to.",neutral,neutral
"00:01:32,000","00:01:36,000",Muzyka,Muzyka,Music,neutral,neutral
"00:01:36,000","00:01:43,000","Moimi Państwa gościem jest Agata Sobiczewska, dyrektorka lokalnej organizacji turystycznej Ustka i Ziemia Słupska,","Moimi Państwa gościem jest Agata Sobiczewska, dyrektorka lokalnej organizacji turystycznej Ustka i Ziemia Słupska,","My guest is Agata Sobiczewska, director of the Local Tourist Organization Ustka and Ziemia Słupsk,",neutral,neutral
"00:01:43,000","00:01:49,000",która to organizacja prowadzi Centrum Informacji Turystycznej w Ustce właśnie. Dzień dobry.,która to organizacja prowadzi Centrum Informacji Turystycznej w Ustce właśnie. Dzień dobry.,Which organization runs the Tourist Information Center in Ustka. Good morning.,neutral,neutral
"00:01:49,000","00:01:51,000","Dzień dobry, bardzo mi miło.","Dzień dobry, bardzo mi miło.","Good morning, I am very pleased.",gratitude,mild
"00:01:51,000","00:01:56,000","Znajdujemy się w Centrum Informacji Turystycznej. Jeszcze chwilę temu tutaj był tłum ludzi, którzy...","Znajdujemy się w Centrum Informacji Turystycznej. Jeszcze chwilę temu tutaj był tłum ludzi, którzy...",We are in the Tourist Information Center. Just a moment ago there was a crowd of people who ...,neutral,neutral
"00:01:56,000","00:01:59,000","No właśnie, po co się przychodzi do takiego miejsca?","No właśnie, po co się przychodzi do takiego miejsca?","Well, why do you come to such a place?",curiosity,mild
"00:01:59,000","00:02:06,000","No myślę, że przede wszystkim, żeby jakoś ułatwić sobie zorganizowanie tego czasu wolnego, który się w Ustce spędza,","No myślę, że przede wszystkim, żeby jakoś ułatwić sobie zorganizowanie tego czasu wolnego, który się w Ustce spędza,","Well, I think that above all, to somehow make it easier for yourself to organize this free time, which is spent in Ustka,",neutral,neutral
"00:02:06,000","00:02:08,000",bo Ustka to nie tylko plaża.,bo Ustka to nie tylko plaża.,Because Ustka is not just a beach.,neutral,neutral
"00:02:08,000","00:02:09,000",To nie tylko plaża.,To nie tylko plaża.,It's not just a beach.,neutral,neutral
"00:02:09,000","00:02:12,000","Jest tutaj cała masa rzeczy, którą można robić.","Jest tutaj cała masa rzeczy, którą można robić.",There is a lot of things that you can do here.,optimism,mild
"00:02:12,000","00:02:17,000","Przede wszystkim zachęcamy wszystkich Państwa odwiedzających do poznania takiej naszej oferty muzealnej,","Przede wszystkim zachęcamy wszystkich Państwa odwiedzających do poznania takiej naszej oferty muzealnej,","First of all, we encourage all your visitors to know our museum offer,",approval,mild
"00:02:17,000","00:02:21,000",która jest dosyć bogata jak na tak małą miejscowość nadmorską.,która jest dosyć bogata jak na tak małą miejscowość nadmorską.,which is quite rich for such a small seaside town.,pride,mild
"00:02:21,000","00:02:26,000",Mamy tutaj pięć muzeów i bardzo serdecznie zachęcamy zawsze wszystkich do odwiedzenia.,Mamy tutaj pięć muzeów i bardzo serdecznie zachęcamy zawsze wszystkich do odwiedzenia.,We have five museums here and we always cordially encourage everyone to visit.,approval,mild
"00:02:26,000","00:02:33,000","Wszystkich pięciu są to bunkry bluesiera, czyli muzeum militarne, które jest prowadzone przez pana Marcina Barnowskiego,","Wszystkich pięciu są to bunkry bluesiera, czyli muzeum militarne, które jest prowadzone przez pana Marcina Barnowskiego,","All five are blueser bunkers, i.e. a military museum, which is run by Mr. Marcin Barnowski,",neutral,neutral
"00:02:33,000","00:02:35,000",takiego tutaj naszego miejskiego historyka.,takiego tutaj naszego miejskiego historyka.,Such our city historian here.,pride,mild
"00:02:35,000","00:02:36,000",Byliśmy tam.,Byliśmy tam.,We were there.,neutral,neutral
"00:02:36,000","00:02:41,000","No właśnie, kapitan Hazel i to wszystko już jest jasne, wystarczy tylko tyle powiedzieć.","No właśnie, kapitan Hazel i to wszystko już jest jasne, wystarczy tylko tyle powiedzieć.","Well, Captain Hazel and it is all clear, all you have to do is say that much.",neutral,neutral
"00:02:41,000","00:02:45,000","Oczywiście też muzeum bursztynu, muzeum chleba, muzeum ziemi usteckiej.","Oczywiście też muzeum bursztynu, muzeum chleba, muzeum ziemi usteckiej.","Of course, also a museum of amber, a bread museum, a Museum of the Ustka region.",neutral,neutral
"00:02:45,000","00:02:51,000","Tak, żeby dowiedzieć się czegoś więcej o historii Ustki i muzeum mineralne na promenadzie nadmorskiej.","Tak, żeby dowiedzieć się czegoś więcej o historii Ustki i muzeum mineralne na promenadzie nadmorskiej.",So to learn more about the history of Ustka and the Mineral Museum on the seaside promenade.,neutral,neutral
"00:02:51,000","00:02:55,000","To jest takie must see, jeśli chodzi o Ustkę.","To jest takie must see, jeśli chodzi o Ustkę.",This is a must see when it comes to Ustka.,approval,mild
"00:02:55,000","00:03:03,000","A must have, jeśli chodzi o pamiątki, o to, co się w Ustce poza wspomnieniami, co się z Ustki wywozi?","A must have, jeśli chodzi o pamiątki, o to, co się w Ustce poza wspomnieniami, co się z Ustki wywozi?","And a must have, when it comes to souvenirs, what is in Ustka except memories, what is getting out of Ustka?",curiosity,mild
"00:03:03,000","00:03:07,000","My zawsze zachęcamy do zakupu takiej książki, którą sami wydajemy.","My zawsze zachęcamy do zakupu takiej książki, którą sami wydajemy.",We always encourage you to buy a book that we publish ourselves.,approval,mild
"00:03:07,000","00:03:13,000","To są legendy Ustki Ziemi Słupskiej i wydaje mi się, że to jest taki praktyczny prezent.","To są legendy Ustki Ziemi Słupskiej i wydaje mi się, że to jest taki praktyczny prezent.",These are the legends of Ustka Słupsk region and it seems to me that this is such a practical gift.,approval,mild
"00:03:13,000","00:03:16,000","Czy praktyczna pamiątka, którą można zabrać ze sobą.","Czy praktyczna pamiątka, którą można zabrać ze sobą.",Or a practical souvenir that you can take with you.,approval,mild
"00:03:16,000","00:03:22,000",Ona opowiada właśnie o tych legendach tutaj naszego obszaru i tego troszeczkę szerszego obszaru Ziemi Słupskiej.,Ona opowiada właśnie o tych legendach tutaj naszego obszaru i tego troszeczkę szerszego obszaru Ziemi Słupskiej.,She is telling about these legends here our area and a little wider area of ​​the Słupsk region.,curiosity,mild
"00:03:22,000","00:03:31,000","I w swoim zestawie zawiera także takiego audiobooka, którego sobie można odpalić na przykład w radiu samochodowym i słuchać w drodze do domu.","I w swoim zestawie zawiera także takiego audiobooka, którego sobie można odpalić na przykład w radiu samochodowym i słuchać w drodze do domu.","And in its set it also contains such an audiobook, which you can start, for example, on a car radio and listen on the way home.",approval,mild
"00:03:31,000","00:03:34,000","To też tak zawsze polecamy, żeby zabrać ze sobą.","To też tak zawsze polecamy, żeby zabrać ze sobą.",We always recommend it so to take with you.,approval,mild
"00:03:34,000","00:03:41,000","A oprócz tego oczywiście koszulki, torby czy kubeczki, takie mniejsze jakieś drobiazgi typu magnesik i długofis.","A oprócz tego oczywiście koszulki, torby czy kubeczki, takie mniejsze jakieś drobiazgi typu magnesik i długofis.","And, of course, T -shirts, bags or cups, such smaller ones such as magnet and long -term.",neutral,neutral
"00:03:42,000","00:03:44,000",I to też schodzi?,I to też schodzi?,And it also goes down?,curiosity,mild
"00:03:44,000","00:03:48,000","Tak, oczywiście. To nieprzerwanie od kilku lat i myślę, że to jest taka niezawodna pamiątka.","Tak, oczywiście. To nieprzerwanie od kilku lat i myślę, że to jest taka niezawodna pamiątka.",Yes of course. It has been continuously for several years and I think it is such a reliable souvenir.,approval,mild
"00:03:48,000","00:03:52,000",Jeśli się nie wie co to zawsze zachęcamy magnesik na lodówkę.,Jeśli się nie wie co to zawsze zachęcamy magnesik na lodówkę.,If you don't know what we always encourage the magnet for the fridge.,neutral,neutral
"00:03:52,000","00:03:54,000",To dzieci kupują czy dorośli też?,To dzieci kupują czy dorośli też?,Are children buying or adults too?,curiosity,mild
"00:03:54,000","00:04:03,000","Dzieci zazwyczaj wybierają te bardziej kolorowe, dorośli takie troszeczkę bardziej stonowane, ale i dzieci i dorośli są zawsze zainteresowani.","Dzieci zazwyczaj wybierają te bardziej kolorowe, dorośli takie troszeczkę bardziej stonowane, ale i dzieci i dorośli są zawsze zainteresowani.","Children usually choose the more colorful ones, adults a little more subdued, but also children and adults are always interested.",neutral,neutral
"00:04:03,000","00:04:07,000","Czyli ofertę poza plażową, bo Ustka to nie tylko morze.","Czyli ofertę poza plażową, bo Ustka to nie tylko morze.","So an offer outside the beach, because Ustka is not only the sea.",neutral,neutral
"00:04:07,000","00:04:16,000","Ofertę poza plażową tutaj można poznać, ale także poza kulturalną czy historyczną, również te rekreacyjną.","Ofertę poza plażową tutaj można poznać, ale także poza kulturalną czy historyczną, również te rekreacyjną.","The offer outside the beach here can be known, but also outside the cultural or historical, also recreational ones.",neutral,neutral
"00:04:16,000","00:04:18,000","Oczywiście, że tak.","Oczywiście, że tak.",Of course.,neutral,neutral
"00:04:18,000","00:04:22,000",No tutaj u nas w informacji turystycznej można nabyć mapy wszelkiej maści.,No tutaj u nas w informacji turystycznej można nabyć mapy wszelkiej maści.,"Well, here in tourist information you can buy maps of all kinds.",neutral,neutral
"00:04:22,000","00:04:31,000","Zawsze obowiązkowo wydajemy każdemu turyście informator turystyczny, który nie tylko opisuje miasto, ale też gminę Ustka, gminę Smołdzino i powiat słupski.","Zawsze obowiązkowo wydajemy każdemu turyście informator turystyczny, który nie tylko opisuje miasto, ale też gminę Ustka, gminę Smołdzino i powiat słupski.","We always oblige to every tourist tourist guide, who not only describes the city, but also the Ustka commune, the Smołdzino commune and the Słupsk poviat.",neutral,neutral
"00:04:31,000","00:04:37,000","A także rozdajemy plany miasta, tak żeby można było się bezpiecznie i spokojnie poruszać po tym naszym obszarze.","A także rozdajemy plany miasta, tak żeby można było się bezpiecznie i spokojnie poruszać po tym naszym obszarze.",And we also give away the city's plans so that you can move safely and calmly around our area.,caring,mild
"00:04:37,000","00:04:43,000","A oprócz tego zachęcamy właśnie do jakichś spacerów dalszych i bliższych, do wyjazdów rowerowych.","A oprócz tego zachęcamy właśnie do jakichś spacerów dalszych i bliższych, do wyjazdów rowerowych.","In addition, we encourage you to some distant and closer walks, for bicycle trips.",caring,mild
"00:04:43,000","00:04:48,000",I właśnie takie mapy na wyjazdy rowerowe dalsze i właśnie bliższe można tutaj u nas też nabyć.,I właśnie takie mapy na wyjazdy rowerowe dalsze i właśnie bliższe można tutaj u nas też nabyć.,And just such maps for further bicycle trips and closer to us can also be purchased here.,neutral,neutral
"00:04:48,000","00:04:53,000","A kto przychodzi do informacji turystycznej? To są, pytam teraz o nacje, to są Polacy?","A kto przychodzi do informacji turystycznej? To są, pytam teraz o nacje, to są Polacy?","And who comes to tourist information? These are, I ask about nations now, are Poles?",curiosity,mild
"00:04:53,000","00:04:55,000",To są nie tylko Polacy.,To są nie tylko Polacy.,These are not only Poles.,neutral,neutral
"00:04:55,000","00:05:02,000","Jeśli zagraniczni, myśmy w Studio Promenada gościli już Niemców, Czechów i Słowaków.","Jeśli zagraniczni, myśmy w Studio Promenada gościli już Niemców, Czechów i Słowaków.","If foreign, we already hosted the Germans, Czechs and Slovaks in the Promenada studio.",neutral,neutral
"00:05:02,000","00:05:08,000",Czy poza gośćmi z zachodu i południa jeszcze są skądś?,Czy poza gośćmi z zachodu i południa jeszcze są skądś?,Are they still outside the western and south guests?,curiosity,mild
"00:05:08,000","00:05:18,000","Wydaje mi się, że bliskie położenie jednostki w Redzikowie, w której stacjonują Amerykanie, ma duży wpływ na to, że oni tutaj też nas odwiedzają.","Wydaje mi się, że bliskie położenie jednostki w Redzikowie, w której stacjonują Amerykanie, ma duży wpływ na to, że oni tutaj też nas odwiedzają.","It seems to me that the close location of the unit in Redzikowo, where Americans are stationed, has a great impact on the fact that they also visit us here.",realization,mild
"00:05:18,000","00:05:26,000","Przyjeżdżają nad morze, przyjeżdżają dopytać, co tu można w tej okolicy zobaczyć, bo jakoś też próbują sobie ten czas zagospodarować.","Przyjeżdżają nad morze, przyjeżdżają dopytać, co tu można w tej okolicy zobaczyć, bo jakoś też próbują sobie ten czas zagospodarować.","They come to the seaside, come to ask what you can see here in this area, because somehow they also try to develop this time.",curiosity,mild
"00:05:26,000","00:05:34,000","Ale oprócz tego są też Holendrzy, są też Brytyjczycy, więc tak naprawdę ta rozpiętość jest dosyć szeroka, jeśli chodzi o turysty zagraniczne.","Ale oprócz tego są też Holendrzy, są też Brytyjczycy, więc tak naprawdę ta rozpiętość jest dosyć szeroka, jeśli chodzi o turysty zagraniczne.","But in addition, there are also Dutch, there are also British, so in fact this span is quite wide when it comes to foreign tourists.",neutral,neutral
"00:05:34,000","00:05:36,000",Sąsiedzi z północy Bałtyku też?,Sąsiedzi z północy Bałtyku też?,Neighbors from the north of the Baltic Sea too?,curiosity,mild
"00:05:36,000","00:05:47,000","Zdarzają się i są tacy, którzy przyjeżdżają tutaj co roku, na przykład właśnie Norwegzy i za każdym razem przychodzą i się witają z nami i witają nas ponownie w sezonie, więc tak też.","Zdarzają się i są tacy, którzy przyjeżdżają tutaj co roku, na przykład właśnie Norwegzy i za każdym razem przychodzą i się witają z nami i witają nas ponownie w sezonie, więc tak też.","There are and there are those who come here every year, for example Norwegs, and every time they come and greet us and welcome us again in the season, so so too.",gratitude,mild
"00:05:47,000","00:05:50,000",Czy koniec wakacji oznacza koniec sezonu?,Czy koniec wakacji oznacza koniec sezonu?,Does the end of summer holidays mean the end of the season?,curiosity,mild
"00:05:50,000","00:06:00,000","Wydaje mi się, że nie w Ustce. Są miejscowości, które faktycznie z 31 sierpnia stawiają kreskę i już dalej tam się nic nie dzieje, ale Ustka to jest o wiele więcej niż tylko wakacje.","Wydaje mi się, że nie w Ustce. Są miejscowości, które faktycznie z 31 sierpnia stawiają kreskę i już dalej tam się nic nie dzieje, ale Ustka to jest o wiele więcej niż tylko wakacje.","I think not in Ustka. There are places that actually put a line from 31 August and nothing happens there, but Ustka is much more than just holidays.",optimism,mild
"00:06:00,000","00:06:10,000","Jest tutaj co robić jeszcze we wrześniu i w ogóle sezon zimowy też ma swój urok i ściąga tutaj rzesze turystów, którzy właśnie wolą ten wypoczynek w spokoju,","Jest tutaj co robić jeszcze we wrześniu i w ogóle sezon zimowy też ma swój urok i ściąga tutaj rzesze turystów, którzy właśnie wolą ten wypoczynek w spokoju,","There is something to do here in September and in general the winter season also has its charm and pulls here crowds of tourists who prefer this rest in peace,",optimism,mild
"00:06:10,000","00:06:20,000","kiedy już nie ma dziesiątek, no często tysięcy turystów na ulicach i to są właśnie ci turyści, którzy już we wrześniu zaczynają do nas zjeżdżać.","kiedy już nie ma dziesiątek, no często tysięcy turystów na ulicach i to są właśnie ci turyści, którzy już we wrześniu zaczynają do nas zjeżdżać.","When there are no dozens, often thousands of tourists on the streets and these are those tourists who are starting to come to us in September.",neutral,neutral
"00:06:20,000","00:06:33,000","To podsumowując wakacje, bo jeszcze nie sezon, to były udane wakacje mimo wszystko, mimo tego, że baliśmy się o ceny, baliśmy się o naszą kondycję gospodarczą?","To podsumowując wakacje, bo jeszcze nie sezon, to były udane wakacje mimo wszystko, mimo tego, że baliśmy się o ceny, baliśmy się o naszą kondycję gospodarczą?","To sum up the holidays, because not the season yet, it was a successful vacation after all, despite the fact that we were afraid of prices, we were afraid of our economic condition?",relief,mild
"00:06:34,000","00:06:40,000","Przyjechało do nas naprawdę całkiem sporo turystów. Troszeczkę podejrzewam, że każdy obawiał się tego sezonu.","Przyjechało do nas naprawdę całkiem sporo turystów. Troszeczkę podejrzewam, że każdy obawiał się tego sezonu.",A lot of tourists came to us. I suspect that everyone was afraid of this season.,relief,mild
"00:06:40,000","00:06:50,000","Wiadomo, sytuacja ekonomiczna jest jaka jest, ale mimo to ci turyści się pojawili. Tak naprawdę takie konkretne dane pewnie poznamy dopiero z końcem roku.","Wiadomo, sytuacja ekonomiczna jest jaka jest, ale mimo to ci turyści się pojawili. Tak naprawdę takie konkretne dane pewnie poznamy dopiero z końcem roku.","It is known that the economic situation is what it is, but nevertheless these tourists appeared. In fact, we will probably know such specific data only at the end of the year.",neutral,neutral
"00:06:50,000","00:06:53,000",Wtedy pewnie spłyną dopiero statystyki itd.,Wtedy pewnie spłyną dopiero statystyki itd.,"Then the statistics, etc., will probably flow out.",neutral,neutral
"00:06:53,000","00:06:56,000",Ale po zainteresowaniu choćby tym miejscem można szacować.,Ale po zainteresowaniu choćby tym miejscem można szacować.,But after the interest in even this place can be estimated.,neutral,neutral
"00:06:56,000","00:07:07,000","Wydaje mi się, że sezon był bardzo zbliżony nawet do 2019, czyli przedpandemicznego roku, więc myślę, że już wracamy na te dobre tory i powoli do normalności.","Wydaje mi się, że sezon był bardzo zbliżony nawet do 2019, czyli przedpandemicznego roku, więc myślę, że już wracamy na te dobre tory i powoli do normalności.","It seems to me that the season was very similar even to 2019, i.e. pre -entertainment year, so I think we are coming back to these good tracks and slowly to normality.",optimism,mild
"00:07:07,000","00:07:11,000","Centrum Informacji Turystycznej, tak jak Ustka, zaprasza cały rok.","Centrum Informacji Turystycznej, tak jak Ustka, zaprasza cały rok.","The Tourist Information Center, like Ustka, invites all year.",neutral,neutral
"00:07:11,000","00:07:19,000","Cały rok. Jesteśmy otwarci przez cały rok. Do końca września jeszcze zapraszamy codziennie od 8 do 19, więc przez cały dzień.","Cały rok. Jesteśmy otwarci przez cały rok. Do końca września jeszcze zapraszamy codziennie od 8 do 19, więc przez cały dzień.","All year. We are open all year round. By the end of September, we invite you every day from 8 to 19, so all day.",neutral,neutral
"00:07:19,000","00:07:24,000","Już od 1 października, od poniedziałku do soboty, od 10 do 17.","Już od 1 października, od poniedziałku do soboty, od 10 do 17.","From October 1, from Monday to Saturday, from 10 to 17.",neutral,neutral
"00:07:25,000","00:07:36,000","Mieszkańcy regionu również mogą poznać tajemnicę Ustki, ale najpierw tu się trzeba pojawić, żeby w odpowiednią wiedzę się wyposażyć.","Mieszkańcy regionu również mogą poznać tajemnicę Ustki, ale najpierw tu się trzeba pojawić, żeby w odpowiednią wiedzę się wyposażyć.","Inhabitants of the region can also learn the secret of Ustka, but first you have to appear here to equip yourself with the right knowledge.",curiosity,mild
"00:07:36,000","00:07:37,000",Dziękuję za rozmowę.,Dziękuję za rozmowę.,Thank you for the interview.,gratitude,mild
"00:07:37,000","00:07:38,000",Dziękuję uprzejmie.,Dziękuję uprzejmie.,Thank you kindly.,gratitude,mild
"00:07:41,000","00:07:42,000",Pani gotowa?,Pani gotowa?,Lady ready?,curiosity,mild
"00:07:42,000","00:07:43,000",Tak.,Tak.,Not.,neutral,neutral
"00:07:43,000","00:07:44,000",Osprzęt gotowy?,Osprzęt gotowy?,Ready accessories?,curiosity,mild
"00:07:44,000","00:07:45,000",Jak najbardziej.,Jak najbardziej.,By all means.,neutral,neutral
"00:07:45,000","00:07:47,000",Ale chyba pogoda mała gotowa na prażowanie?,Ale chyba pogoda mała gotowa na prażowanie?,But probably the weather is small ready for roasting?,curiosity,mild
"00:07:47,000","00:07:51,000","Ja jestem nastawiona, myślę, że dobrze, więc myślę, że przyjdzie słońce.","Ja jestem nastawiona, myślę, że dobrze, więc myślę, że przyjdzie słońce.","I am set, I think good, so I think the sun will come.",optimism,mild
"00:07:51,000","00:07:52,000",I rozstawi pani parowan?,I rozstawi pani parowan?,And you will set up evaporating?,curiosity,mild
"00:07:52,000","00:07:56,000","Oczywiście, jak najbardziej. Jest pochmurne, ale codziennie idziemy na plażę.","Oczywiście, jak najbardziej. Jest pochmurne, ale codziennie idziemy na plażę.","Of course, by all means. It is cloudy, but we go to the beach every day.",neutral,neutral
"00:07:56,000","00:07:59,000",Ale dzisiaj to się chyba pani nie opali.,Ale dzisiaj to się chyba pani nie opali.,But today you probably don't get tanned.,curiosity,mild
"00:07:59,000","00:08:07,000","Ja myślę, że się opalę trochę. Podobno przez chmury też słońce opala, działa, więc rozstawiamy się jak najbardziej.","Ja myślę, że się opalę trochę. Podobno przez chmury też słońce opala, działa, więc rozstawiamy się jak najbardziej.","I think I will sunbathe a little. Apparently, the sun is also sunbathing through the clouds, so we set up the most.",optimism,mild
"00:08:07,000","00:08:08,000",No i kąpiel będzie.,No i kąpiel będzie.,And the bath will be.,neutral,neutral
"00:08:08,000","00:08:10,000","Oczywiście, chociaż no nie wiem, czerwona flaga.","Oczywiście, chociaż no nie wiem, czerwona flaga.","Of course, although I don't know, the red flag.",nervousness,mild
"00:08:11,000","00:08:12,000",Dzień dobry.,Dzień dobry.,Good morning.,neutral,neutral
"00:08:12,000","00:08:13,000",Dzień dobry.,Dzień dobry.,Good morning.,neutral,neutral
"00:08:13,000","00:08:18,000","Nie plażowa to pogoda, choć słońce wychodzi, no ale na plażowanie chyba za mało do dzisiaj.","Nie plażowa to pogoda, choć słońce wychodzi, no ale na plażowanie chyba za mało do dzisiaj.","Not beach is the weather, although the sun comes out, but not enough to sunbathing until today.",disappointment,mild
"00:08:18,000","00:08:21,000","No nie, za duży wiadr i trochę chłodna wąch.","No nie, za duży wiadr i trochę chłodna wąch.","Well, too large bucket and a bit cool sniff.",annoyance,mild
"00:08:22,000","00:08:24,000","20 stopni, ponad jest.","20 stopni, ponad jest.","20 degrees, above it.",neutral,neutral
"00:08:25,000","00:08:28,000",No ale z rana deszczyk trochę siąpił.,No ale z rana deszczyk trochę siąpił.,"Well, but in the morning the rain was a bit.",neutral,neutral
"00:08:29,000","00:08:31,000",To co można robić w taką pogodę nie plażową?,To co można robić w taką pogodę nie plażową?,What can you do in such a not beach weather?,curiosity,mild
"00:08:32,000","00:08:42,000","No można zobaczyć, tutaj jest klocki Lego, taka wystawa i potem jest muzeum tych figur woskowych.","No można zobaczyć, tutaj jest klocki Lego, taka wystawa i potem jest muzeum tych figur woskowych.","Well, you can see, here is Lego blocks, such an exhibition and then there is a museum of these wax figures.",neutral,neutral
"00:08:42,000","00:08:43,000",Czyli zwiedzać?,Czyli zwiedzać?,So visit?,curiosity,mild
"00:08:43,000","00:08:44,000",No tak.,No tak.,Yes.,neutral,neutral
"00:08:44,000","00:08:45,000",Jedziemy?,Jedziemy?,Are we going?,curiosity,mild
"00:08:45,000","00:08:48,000","Nudno dzisiaj na plaży, czy nie?","Nudno dzisiaj na plaży, czy nie?",Boring today on the beach or not?,curiosity,mild
"00:08:48,000","00:08:54,000","Nie, nie powiedziałabym, że jest nudno, bo mamy wysokie fale i jeszcze prądy wsteczne,","Nie, nie powiedziałabym, że jest nudno, bo mamy wysokie fale i jeszcze prądy wsteczne,","No, I wouldn't say it's boring because we have high waves and reverse currents,",excitement,mild
"00:08:54,000","00:08:59,000","także pilnujemy, żeby ludzie nie kąpali się dzisiaj, bo nie są to warunki do kąpieli.","także pilnujemy, żeby ludzie nie kąpali się dzisiaj, bo nie są to warunki do kąpieli.","We also make sure that people do not bathe today, because they are not bathing conditions.",,
"00:09:00,000","00:09:06,000",I pilnują się ludzie? Przestrzegają tych zakazów? Widzą czerwoną flagę?,I pilnują się ludzie? Przestrzegają tych zakazów? Widzą czerwoną flagę?,And people are guarding? They follow these bans? See the red flag?,curiosity,mild
"00:09:06,000","00:09:11,000","Czy skoro przyjechali z południa, to oni muszą się wykąpać? Cokolwiek by się nie działo?","Czy skoro przyjechali z południa, to oni muszą się wykąpać? Cokolwiek by się nie działo?","If they came from the south, they have to take a bath? Whatever happened?",confusion,mild
"00:09:11,000","00:09:17,000","Nie, nie. Nie mieliśmy jeszcze takich przypadków z południa, także jak najbardziej słuchają się,","Nie, nie. Nie mieliśmy jeszcze takich przypadków z południa, także jak najbardziej słuchają się,","No, no. We haven't had such cases from the South yet, they also listen to the most,",relief,mild
"00:09:17,000","00:09:22,000","obserwują, jakie jest kolor flagi, a jeśli nie pamiętają, co ono znaczy, to podchodzą i pytają się.","obserwują, jakie jest kolor flagi, a jeśli nie pamiętają, co ono znaczy, to podchodzą i pytają się.","They watch the color of the flag, and if they don't remember what it means, they come and ask.",approval,mild
"00:09:27,000","00:09:35,000","Z Magdą Matusiak, wiceszefową Wydziału Promocji Usteckiego Ratusza, spotykamy się w centrum Ustki.","Z Magdą Matusiak, wiceszefową Wydziału Promocji Usteckiego Ratusza, spotykamy się w centrum Ustki.","We meet in the center of Ustka with Magda Matusiak, deputy head of the Promotion Department of the Ustka Town Hall.",neutral,neutral
"00:09:35,000","00:09:36,000",Dzień dobry.,Dzień dobry.,Good morning.,neutral,neutral
"00:09:36,000","00:09:37,000",Dzień dobry.,Dzień dobry.,Good morning.,neutral,neutral
"00:09:37,000","00:09:43,000","No też i o mieszkańcach będziemy mówić, bo mają swój dzień już teraz.","No też i o mieszkańcach będziemy mówić, bo mają swój dzień już teraz.","Well, we will also talk about the inhabitants because they have their day now.",neutral,neutral
"00:09:44,000","00:09:46,000","Już teraz, czyli właściwie w sobotę.","Już teraz, czyli właściwie w sobotę.","Already now, i.e. on Saturday.",neutral,neutral
"00:09:46,000","00:09:47,000",Czyli w sobotę.,Czyli w sobotę.,So on Saturday.,neutral,neutral
"00:09:47,000","00:09:53,000","Tak, 27 sierpnia. Zapraszamy na to wydarzenie wszystkich mieszkańców, ale mam nadzieję, że również turystów,","Tak, 27 sierpnia. Zapraszamy na to wydarzenie wszystkich mieszkańców, ale mam nadzieję, że również turystów,","Yes, August 27. We invite all residents to this event, but I hope that also tourists,",optimism,mild
"00:09:53,000","00:09:57,000",którzy ten ostatni weekend spędzają w Ustce. My zaczynamy bardzo wcześnie.,którzy ten ostatni weekend spędzają w Ustce. My zaczynamy bardzo wcześnie.,who spend this last weekend in Ustka. We start very early.,neutral,neutral
"00:09:57,000","00:10:00,000","Właściwie w dwóch miejscach, bo między 10 a 14.","Właściwie w dwóch miejscach, bo między 10 a 14.","Actually in two places, between 10 and 14.",neutral,neutral
"00:10:00,000","00:10:09,000","o 14.00 na stanicy kajakowej będzie przygotowana strefa chill out, gdzie będzie można popływać kajakiem, będzie ognisko, oczywiście kiełbaskę trzeba przynieść we własnym zakresie,","o 14.00 na stanicy kajakowej będzie przygotowana strefa chill out, gdzie będzie można popływać kajakiem, będzie ognisko, oczywiście kiełbaskę trzeba przynieść we własnym zakresie,","At 14.00 a Chill Out zone will be prepared on the kayak stanica, where you will be able to swim with kayak, there will be a bonfire, of course the sausage must be brought on your own,",excitement,mild
"00:10:09,000","00:10:19,000","będą różne animacje dla dzieci i młodzieży, natomiast o 10.30 z terenu Osiru będzie rajd rowerowy z zakątkami łuskich.","będą różne animacje dla dzieci i młodzieży, natomiast o 10.30 z terenu Osiru będzie rajd rowerowy z zakątkami łuskich.","There will be different animations for children and adolescents, while at 10.30 a bicycle rally with the corners of the scales will be from the Osiru area.",excitement,mild
"00:10:19,000","00:10:29,000","Cała taka duża impreza na promenadzie rozpocznie się od godziny 17.00 animacjami dla dzieci w wykonaniu centrum uśmiechu, później będzie występ łuseckiej orkiestry dętej.","Cała taka duża impreza na promenadzie rozpocznie się od godziny 17.00 animacjami dla dzieci w wykonaniu centrum uśmiechu, później będzie występ łuseckiej orkiestry dętej.","The whole big party on the promenade will start from 17.00 animations for children performed by the smile center, later there will be a performance of the Łusecka Brass Band.",excitement,mild
"00:10:29,000","00:10:42,000","No i myślę, że taki najważniejszy punkt tego wydarzenia, czyli wręczenie honorowych nagród ambasadora miasta Ustka oraz Ustczanina Roku, a zaraz potem występy naszych usteckich artystów.","No i myślę, że taki najważniejszy punkt tego wydarzenia, czyli wręczenie honorowych nagród ambasadora miasta Ustka oraz Ustczanina Roku, a zaraz potem występy naszych usteckich artystów.","And I think that such the most important point of this event, i.e. the awarding of honorary awards of the city's ambassador and Ustczanin of the year, and then the performances of our Ustanian artists.",pride,moderate
"00:10:42,000","00:10:55,000","No właśnie, Ustczanin Roku i ambasador miasta to niezwykle prestiżowe tytuły. Co trzeba zrobić? W jaki sposób trzeba sobie zasłużyć, żeby zostać ustczaninem czy ambasadorem miasta?","No właśnie, Ustczanin Roku i ambasador miasta to niezwykle prestiżowe tytuły. Co trzeba zrobić? W jaki sposób trzeba sobie zasłużyć, żeby zostać ustczaninem czy ambasadorem miasta?","Well, the Ustczanin of the Year and the city ambassador are extremely prestigious titles. What do you need to do? How do you deserve to be Ustczanin or the city ambassador?",curiosity,moderate
"00:10:56,000","00:11:11,000","Nominacje do tego zaszczytnego tytułu składają zawsze mieszkańcy, nominują mieszkańcy. Powoływana jest kapituła, która w tajnym głosowaniu dokonuje wyboru tych osób.","Nominacje do tego zaszczytnego tytułu składają zawsze mieszkańcy, nominują mieszkańcy. Powoływana jest kapituła, która w tajnym głosowaniu dokonuje wyboru tych osób.","Residents always nominate for this honorable title, nominated by residents. A chapter is appointed, which chooses these people in a secret ballot.",pride,mild
"00:11:11,000","00:11:21,000","No i oczywiście kto zostanie, komu zostaną te tytuły w tym roku przyznane, no to musicie Państwo przyjść o 18.30.","No i oczywiście kto zostanie, komu zostaną te tytuły w tym roku przyznane, no to musicie Państwo przyjść o 18.30.","And of course who will be, who will be awarded this year this year, then you have to come at 18.30.",neutral,neutral
"00:11:21,000","00:11:23,000",To jeszcze tajemnica.,To jeszcze tajemnica.,It's still a secret.,curiosity,mild
"00:11:23,000","00:11:29,000","Oczywiście, nie możemy tego zdradzić. O 18.30 na Usteckiej Promenadzie uroczystość wręczenia tych nagród.","Oczywiście, nie możemy tego zdradzić. O 18.30 na Usteckiej Promenadzie uroczystość wręczenia tych nagród.","Of course, we can't reveal it. At 18.30 on the Ustka promenade, the ceremony of awarding these awards.",neutral,neutral
"00:11:29,000","00:11:41,000","To już kolejna edycja tych nagród i to jest tak, że ci nagrodzeni nie ustają i wciąż promują i zasługi mają.","To już kolejna edycja tych nagród i to jest tak, że ci nagrodzeni nie ustają i wciąż promują i zasługi mają.",This is another edition of these awards and it is so that those awarded do not stop and still promote and have merits.,admiration,mild
"00:11:41,000","00:11:55,000","Oczywiście, to już jest dla tych osób to jest prestiż właściwie, bo już dożywotnio, że tak powiem, wciągnięci są na listę osób, które reprezentują miasto na różnych uroczystościach.","Oczywiście, to już jest dla tych osób to jest prestiż właściwie, bo już dożywotnio, że tak powiem, wciągnięci są na listę osób, które reprezentują miasto na różnych uroczystościach.","Of course, this is already prestige for these people, because it is already life, so to speak, they are drawn into the list of people who represent the city at various celebrations.",pride,moderate
"00:11:55,000","00:11:57,000","Tak, dokładnie.","Tak, dokładnie.","Yes, exactly.",neutral,neutral
"00:11:57,000","00:12:09,000","Ale jeszcze jedno jest wydarzenie, mianowicie Mistrzostwa Polski w wypłukiwaniu bursztyn już po raz 21. Oczko w tym roku.","Ale jeszcze jedno jest wydarzenie, mianowicie Mistrzostwa Polski w wypłukiwaniu bursztyn już po raz 21. Oczko w tym roku.","But one more thing is the event, namely the Polish Championships in the Rinsing Amber for the 21st time this year.",excitement,mild
"00:12:09,000","00:12:21,000","Tak, właściwie te mistrzostwa są kulminacją trwających od wtorku właśnie do niedzieli święta bursztynu, takiego wydarzenia, które po raz pierwszy u nas zagościło w Ustce.","Tak, właściwie te mistrzostwa są kulminacją trwających od wtorku właśnie do niedzieli święta bursztynu, takiego wydarzenia, które po raz pierwszy u nas zagościło w Ustce.","Yes, actually these championships are the culmination of the amber festival lasting from Tuesday to Sunday, such an event that came to us for the first time in Ustka.",excitement,mild
"00:12:21,000","00:12:28,000",I na plaży o godzinie 11.00 odbędą się właśnie zapisy do Mistrzostw Polski w wypłukiwaniu bursztynu.,I na plaży o godzinie 11.00 odbędą się właśnie zapisy do Mistrzostw Polski w wypłukiwaniu bursztynu.,And at the beach at 11.00 there will be registration for the Polish championships in the flushing of amber.,neutral,neutral
"00:12:28,000","00:12:35,000","Zachęcamy wszystkich, bo można brać udział w kategorii dzieci, kobiety, mężczyźni oraz open.","Zachęcamy wszystkich, bo można brać udział w kategorii dzieci, kobiety, mężczyźni oraz open.","We encourage everyone because you can participate in the category of children, women, men and open.",neutral,neutral
"00:12:36,000","00:12:50,000","I będzie wieś gminna niesie kilkadziesiąt kilogramów bursztynu do wzięcia, bo w kategorii open, co się znajdzie, to moje, czyli pamiątka może być wykopana.","I będzie wieś gminna niesie kilkadziesiąt kilogramów bursztynu do wzięcia, bo w kategorii open, co się znajdzie, to moje, czyli pamiątka może być wykopana.","And there will be a municipal village carries several dozen kilograms of amber to take, because in the open category what will be found, it is mine, i.e. a souvenir can be dug.",excitement,mild
"00:12:50,000","00:13:04,000","Myślę, że będzie to niespodzianka dla wszystkich, którzy wezmą udział, bo akurat te mistrzostwa przygotowuje Muzeum Bursztynu, które mieści się w Ustce, tak, że oni chyba ten surowiec mają w nadmiarze.","Myślę, że będzie to niespodzianka dla wszystkich, którzy wezmą udział, bo akurat te mistrzostwa przygotowuje Muzeum Bursztynu, które mieści się w Ustce, tak, że oni chyba ten surowiec mają w nadmiarze.","I think it will be a surprise for everyone who will take part, because these championships are preparing a museum of amber, which is located in Ustka, so that they probably have this raw material in excess.",surprise,mild
"00:13:04,000","00:13:24,000","My mówimy teraz o ostatnim weekendzie wakacji, ale o czym też była mowa w Centrum Informacji Turystycznej, koniec wakacji to nie jest koniec sezonu, więc tych wydarzeń, tego dziania się będzie również po wakacjach.","My mówimy teraz o ostatnim weekendzie wakacji, ale o czym też była mowa w Centrum Informacji Turystycznej, koniec wakacji to nie jest koniec sezonu, więc tych wydarzeń, tego dziania się będzie również po wakacjach.","We are now talking about the last weekend of holidays, but as also mentioned in the Tourist Information Center, the end of summer holidays is not the end of the season, so these events, this knitting will also be after the holidays.",optimism,mild
"00:13:24,000","00:13:38,000","Ja w tej chwili nie będę Państwu zdradzać szczegółów, bo my tak naprawdę pracujemy przez cały rok i co chwilę przygotowujemy jakieś nowości, dlatego warto śledzić naszą stronę visitustka.pl oraz nasz profil na Facebooku.","Ja w tej chwili nie będę Państwu zdradzać szczegółów, bo my tak naprawdę pracujemy przez cały rok i co chwilę przygotowujemy jakieś nowości, dlatego warto śledzić naszą stronę visitustka.pl oraz nasz profil na Facebooku.","At the moment I will not reveal the details to you, because we really work all year round and we are preparing some news every now and then, so it's worth following our website visitustka.pl and our Facebook profile.",neutral,neutral
"00:13:38,000","00:13:58,000","Tam jest tak naprawdę nawet z tego sezonu bardzo bogata relacja dla tych wszystkich, którym nie udało się dotrzeć do Ustki, a chcieliby zobaczyć, co ich ominęło, także bardzo dużo zdjęć, bardzo dużo opisów i tam też na bieżąco będziemy zamieszczać wszystkie informacje, co jeszcze na Państwa czeka do końca roku.","Tam jest tak naprawdę nawet z tego sezonu bardzo bogata relacja dla tych wszystkich, którym nie udało się dotrzeć do Ustki, a chcieliby zobaczyć, co ich ominęło, także bardzo dużo zdjęć, bardzo dużo opisów i tam też na bieżąco będziemy zamieszczać wszystkie informacje, co jeszcze na Państwa czeka do końca roku.","There is really even a very rich relationship from this season for all those who failed to reach Ustka, and would like to see what they missed, also a lot of photos, a lot of descriptions and there we will also put all the information on a regular basis, what He is still waiting for you until the end of the year.",optimism,mild
"00:13:58,000","00:14:02,000",A potem spotykamy się w Ustce. Dzięki za rozmowę.,A potem spotykamy się w Ustce. Dzięki za rozmowę.,And then we meet in Ustka. Thanks for the conversation.,gratitude,mild
"00:14:02,000","00:14:03,000",Dziękuję bardzo.,Dziękuję bardzo.,Thank you very much.,gratitude,mild
"00:14:03,000","00:14:11,000","Dzień dobry, spacerek to pomysł na nudę.","Dzień dobry, spacerek to pomysł na nudę.","Good morning, a walk is an idea for boredom.",neutral,neutral
"00:14:11,000","00:14:16,000","Na nudę, spacerek, posiedzenie troszeczkę na plaży.","Na nudę, spacerek, posiedzenie troszeczkę na plaży.","For boredom, walk, a little meeting on the beach.",neutral,neutral
"00:14:16,000","00:14:17,000",I czekanie.,I czekanie.,And waiting.,neutral,neutral
"00:14:17,000","00:14:23,000","Niekoniecznie czekanie, ja bardzo lubię popatrzeć sobie na fale, nawet przy takiej pogodzie jest bardzo miło.","Niekoniecznie czekanie, ja bardzo lubię popatrzeć sobie na fale, nawet przy takiej pogodzie jest bardzo miło.","Not necessarily waiting, I really like to look at the waves, even in such weather it is very nice.",admiration,mild
"00:14:23,000","00:14:24,000",Dzisiaj są fale.,Dzisiaj są fale.,There are waves today.,neutral,neutral
"00:14:24,000","00:14:32,000","Wczoraj, mamy bardzo blisko pokój, więc mamy z balkonu też wspaniały widok na to piękne nasze Polskie Morze.","Wczoraj, mamy bardzo blisko pokój, więc mamy z balkonu też wspaniały widok na to piękne nasze Polskie Morze.","Yesterday, we have a very close room, so we also have a great view of our Polish sea from the balcony.",joy,mild
"00:14:32,000","00:14:36,000","Dzień dobry, plażowanie w kurtce, w spodniach?","Dzień dobry, plażowanie w kurtce, w spodniach?","Good morning, sunbathing in a jacket, in pants?",amusement,mild
"00:14:36,000","00:14:45,000","No, chwilowo tak, bo troszeczkę pogoda się zepsuła, ale pan przyjeżdża, do razu słomka wychodzi, więc jest nadzieja na miłe popołudnie.","No, chwilowo tak, bo troszeczkę pogoda się zepsuła, ale pan przyjeżdża, do razu słomka wychodzi, więc jest nadzieja na miłe popołudnie.","Well, temporarily, because the weather has broken a little, but the Lord comes, the straw comes out right away, so there is hope for a nice afternoon.",optimism,mild
"00:14:45,000","00:14:46,000",Pani nie sama?,Pani nie sama?,You are not alone?,curiosity,neutral
"00:14:46,000","00:14:48,000",Z dziećmi i z mężem.,Z dziećmi i z mężem.,With children and with her husband.,neutral,neutral
"00:14:48,000","00:14:54,000","Czy w czasie deszczu albo niepogody, albo takiej pogody dzieci się nudzą?","Czy w czasie deszczu albo niepogody, albo takiej pogody dzieci się nudzą?",Do children get bored during the rain either bad weather or such weather?,curiosity,neutral
"00:14:54,000","00:15:03,000","No nie, są w kurtkach, synuś tam jest zakaz wchodzenia do wody, ale nóżki sobie moczy, coś tam buduje, coś tam organizuje.","No nie, są w kurtkach, synuś tam jest zakaz wchodzenia do wody, ale nóżki sobie moczy, coś tam buduje, coś tam organizuje.","Well, they are in jackets, my son is forbidden to enter the water, but he wet his feet, builds something, organizes something.",caring,mild
"00:15:03,000","00:15:08,000","Mamy deski, więc liczymy na to, że do wody wejdziemy, plecak jest spakowany, drugie siadanko również.","Mamy deski, więc liczymy na to, że do wody wejdziemy, plecak jest spakowany, drugie siadanko również.","We have boards, so we hope that we will enter the water, the backpack is packed, the second sat down too.",optimism,mild
"00:15:08,000","00:15:11,000",Czyli na poprawę pogody pani przygotowana?,Czyli na poprawę pogody pani przygotowana?,So to improve the weather you prepared?,curiosity,neutral
"00:15:11,000","00:15:13,000","Jesteśmy przygotowani, czekamy na nią.","Jesteśmy przygotowani, czekamy na nią.","We are prepared, we are waiting for her.",optimism,mild
"00:15:13,000","00:15:14,000",Skąd państwo przyjechali?,Skąd państwo przyjechali?,Where did you come from?,curiosity,neutral
"00:15:14,000","00:15:15,000",Jesteśmy z Gorzowa.,Jesteśmy z Gorzowa.,We are from Gorzów.,neutral,neutral
"00:15:16,000","00:15:21,000","Dzień dobry, pani na plaży, córki prawie w morzu, no ale kąpać się dzisiaj nie można.","Dzień dobry, pani na plaży, córki prawie w morzu, no ale kąpać się dzisiaj nie można.","Good morning, a lady on the beach, daughter almost in the sea, but you can't bathe today.",disappointment,mild
"00:15:21,000","00:15:27,000","No wie pan co, nie można, a zwłaszcza, że my dopiero co przyjechaliśmy, dzisiaj rozpoczynamy urlop, także nie wiem jaka pogoda.","No wie pan co, nie można, a zwłaszcza, że my dopiero co przyjechaliśmy, dzisiaj rozpoczynamy urlop, także nie wiem jaka pogoda.","Well, you know what, you can't, and especially since we have just arrived, today we are starting vacation, so I do not know what weather.",nervousness,mild
"00:15:27,000","00:15:29,000",To chyba nie na taką pogodę państwo czekali.,To chyba nie na taką pogodę państwo czekali.,It is probably not for such weather that you waited.,disappointment,mild
"00:15:29,000","00:15:32,000","No nie na taką pogodę czekałam, mam nadzieję, że słoneczko jeszcze dla nas wyjdzie.","No nie na taką pogodę czekałam, mam nadzieję, że słoneczko jeszcze dla nas wyjdzie.","Well, I was not waiting for such weather, I hope the sun will come out for us.",optimism,mild
"00:15:32,000","00:15:43,000","Tymczasem póki co zaznajmiamy się z morzem, dzieci się cieszą, moczą stopy, a mam nadzieję, że jutro uda się nam trochę zrzucić co nieco.","Tymczasem póki co zaznajmiamy się z morzem, dzieci się cieszą, moczą stopy, a mam nadzieję, że jutro uda się nam trochę zrzucić co nieco.","Meanwhile, we are familiar with the sea for now, the children are happy, their feet soak, and I hope that tomorrow we will be able to lose a bit.",optimism,mild
"00:15:43,000","00:15:45,000",Prognozy pogody pani zna?,Prognozy pogody pani zna?,Do you know weather forecasts?,curiosity,neutral
"00:15:45,000","00:15:55,000","No prognozy są tak rozbieżne, jeden portal pokazuje piękne, słoneczne niebo, drugi pokazuje już trochę gorzej, także jestem optymistką, mam nadzieję, że to słońce dla nas wyjdzie.","No prognozy są tak rozbieżne, jeden portal pokazuje piękne, słoneczne niebo, drugi pokazuje już trochę gorzej, także jestem optymistką, mam nadzieję, że to słońce dla nas wyjdzie.","Well, forecasts are so divergent, one portal shows a beautiful, sunny sky, the other shows a little worse, I am also an optimist, I hope that the sun will come out for us.",optimism,mild
"00:15:55,000","00:15:56,000",Skąd pani przyjechała?,Skąd pani przyjechała?,Where did you come from?,curiosity,neutral
"00:15:56,000","00:15:59,000","Z południa Polski, okolica Wodzisławia Śląskiego.","Z południa Polski, okolica Wodzisławia Śląskiego.","From the south of Poland, around Wodzisław Śląski.",neutral,neutral
"00:15:59,000","00:16:00,000",Pierwszy raz w ustce?,Pierwszy raz w ustce?,For the first time in Ustka?,curiosity,neutral
"00:16:00,000","00:16:02,000","Nie, ja już trzeci raz w ustce.","Nie, ja już trzeci raz w ustce.","No, I'm in Ustka for the third time.",neutral,neutral
"00:16:02,000","00:16:15,000","Są tacy, którzy lubią na rowerze pojeździć rekreacyjnie, a są tacy, którzy lubią, gdy trasa jest ultraciężka.","Są tacy, którzy lubią na rowerze pojeździć rekreacyjnie, a są tacy, którzy lubią, gdy trasa jest ultraciężka.","There are those who like to ride recreationally on a bicycle, and there are those who like when the route is ultra -leather.",neutral,neutral
"00:16:15,000","00:16:21,000","I o takich rowerzystach porozmawiam z Radosławem Schroederem, prezesem Ośrodka Sportu i Rozwoju w Ustce.","I o takich rowerzystach porozmawiam z Radosławem Schroederem, prezesem Ośrodka Sportu i Rozwoju w Ustce.","And I will talk about such cyclists with Radosław Schroeder, president of the Sports and Development Center in Ustka.",neutral,neutral
"00:16:21,000","00:16:22,000",Witaj!,Witaj!,Hello!,neutral,neutral
"00:16:22,000","00:16:27,000","A to dlatego, że już po raz trzeci w ten weekend odbędą się zawody MTB.","A to dlatego, że już po raz trzeci w ten weekend odbędą się zawody MTB.",This is because the MTB competition will take place for the third time this weekend.,excitement,mild
"00:16:27,000","00:16:33,000","Tak jest, zawody MTB po raz trzeci gościmy w Ustce, w tym roku trasa bardzo ekstremalna.","Tak jest, zawody MTB po raz trzeci gościmy w Ustce, w tym roku trasa bardzo ekstremalna.","Yes, MTB competitions are hosted in Ustka for the third time, this year the route is very extreme.",excitement,mild
"00:16:33,000","00:16:36,000",Trudniejsza niż w dwie poprzednie edycje?,Trudniejsza niż w dwie poprzednie edycje?,More difficult than the previous two editions?,curiosity,neutral
"00:16:36,000","00:16:46,000","Zbliżona, aczkolwiek mamy więcej klifu, więcej zabawy, więcej fanu i na pewno zawodnikom z MTB spodoba się nowa trasa.","Zbliżona, aczkolwiek mamy więcej klifu, więcej zabawy, więcej fanu i na pewno zawodnikom z MTB spodoba się nowa trasa.","Similar, although we have more cliff, more fun, more fan and certainly players from MTB will like a new route.",excitement,mild
"00:16:46,000","00:16:48,000",Kto przyjedzie na te zawody?,Kto przyjedzie na te zawody?,Who will come to this competition?,curiosity,neutral
"00:16:48,000","00:16:55,000","W zasadzie zawodnicy z całej Polski, przyjeżdżają do nas zawodnicy z całej Polski, w zasadzie czołówka na MTB, takich zawodników spodziewamy się.","W zasadzie zawodnicy z całej Polski, przyjeżdżają do nas zawodnicy z całej Polski, w zasadzie czołówka na MTB, takich zawodników spodziewamy się.","In fact, players from all over Poland, players from all over Poland come to us, basically the headlamp at MTB, we expect such players.",excitement,mild
"00:16:56,000","00:17:08,000","Bo to jest taki wyścig, w którym obok amatorów są również tacy zawodnicy, którzy po najcięższych trasach jeżdżą w całym kraju?","Bo to jest taki wyścig, w którym obok amatorów są również tacy zawodnicy, którzy po najcięższych trasach jeżdżą w całym kraju?",Because this is a race in which there are also competitors next to amateurs who travel through the hardest routes throughout the country?,curiosity,neutral
"00:17:08,000","00:17:18,000","Tak, oczywiście, że tak. Są zawodnicy najlepsi w Polsce w tych zawodach, czyli w MTB, ale są też amatorzy wśród nich, którym na pewno też się trasa spodoba.","Tak, oczywiście, że tak. Są zawodnicy najlepsi w Polsce w tych zawodach, czyli w MTB, ale są też amatorzy wśród nich, którym na pewno też się trasa spodoba.","Yes, of course yes. There are players the best in Poland in this competition, i.e. in MTB, but there are also amateurs among them, who will certainly also like the route.",approval,mild
"00:17:18,000","00:17:19,000",Ilu ich będzie?,Ilu ich będzie?,How many of them will there be?,curiosity,neutral
"00:17:19,000","00:17:22,000",Około 100 zawodników w tej chwili mamy zapisanych.,Około 100 zawodników w tej chwili mamy zapisanych.,About 100 competitors are now saved.,neutral,neutral
"00:17:22,000","00:17:24,000",Zapisy już są zakończone?,Zapisy już są zakończone?,The entries are already completed?,curiosity,neutral
"00:17:24,000","00:17:28,000","Jeszcze można się dopisać, jeszcze są ostatni momenty na to, żeby się zapisać.","Jeszcze można się dopisać, jeszcze są ostatni momenty na to, żeby się zapisać.","You can still add, there are still the last moments to sign up.",neutral,neutral
"00:17:28,000","00:17:34,000","I jeszcze można na tyle potrenować, żeby… No właśnie, w jaki dzień są zawody?","I jeszcze można na tyle potrenować, żeby… No właśnie, w jaki dzień są zawody?","And you can still train enough to ... Well, what day is the competition?",curiosity,neutral
"00:17:34,000","00:17:39,000","Zawody są w sobotę, startujemy z biurem zawodów od godziny dziewiątej tutaj na trakcie cyklarności.","Zawody są w sobotę, startujemy z biurem zawodów od godziny dziewiątej tutaj na trakcie cyklarności.","The competition is on Saturday, we are starting with the competition office from nine o'clock here at the course of cyclical.",neutral,neutral
"00:17:39,000","00:17:40,000",Właśnie w tym miejscu?,Właśnie w tym miejscu?,Just here?,curiosity,neutral
"00:17:40,000","00:17:42,000","Dokładnie tak, w tym miejscu.","Dokładnie tak, w tym miejscu.","That's exactly how, here.",neutral,neutral
"00:17:42,000","00:17:53,000","Od czwartku do soboty będzie jeszcze czas, żeby potrenować? Czy jeśli ktoś nie zaczął dawno temu, to teraz niech sprawdzi, czy rower sprawdzi?","Od czwartku do soboty będzie jeszcze czas, żeby potrenować? Czy jeśli ktoś nie zaczął dawno temu, to teraz niech sprawdzi, czy rower sprawdzi?","From Thursday to Saturday will there be time to train? If someone did not start a long time ago, now let him check if the bike will check?",curiosity,neutral
"00:17:53,000","00:18:05,000","Impreza jest dla profesjonalistów, ale też dla amatorów, więc zachęcamy również amatorów do tego, żeby zobaczyli, przejechali tą trasę, sprawdzili jak trasa wygląda i być może zachęcą się do tego, żeby się zapisać na te zawody.","Impreza jest dla profesjonalistów, ale też dla amatorów, więc zachęcamy również amatorów do tego, żeby zobaczyli, przejechali tą trasę, sprawdzili jak trasa wygląda i być może zachęcą się do tego, żeby się zapisać na te zawody.","The event is for professionals, but also for amateurs, so we also encourage amateurs to see, traveled this route, check what the route looks like and maybe they will encourage themselves to sign up for this competition.",optimism,mild
"00:18:05,000","00:18:07,000",Kto ją wyznaczał?,Kto ją wyznaczał?,Who appointed her?,curiosity,neutral
"00:18:07,000","00:18:13,000",No oczywiście nasi wspaniali pracownicy Ośrodka Sportu i Rozwoju.,No oczywiście nasi wspaniali pracownicy Ośrodka Sportu i Rozwoju.,"Well, of course our great employees of the Sports and Development Center.",pride,mild
"00:18:13,000","00:18:21,000","To jakie problemy, trudności dla rowerzystów, atrakcje będą na nich czekały?","To jakie problemy, trudności dla rowerzystów, atrakcje będą na nich czekały?","What problems, difficulties for cyclists, attractions will be waiting for them?",curiosity,neutral
"00:18:21,000","00:18:39,000","Atrakcje wyjątkowe. Trasa jest wyjątkowo przepiękna, ale też nie zabraknie odcinków bardzo trudnych. Są to klify, które w tym roku, z uwagi na to, że mieliśmy trochę sztormów, pozapadały się, więc będzie ekstremalnie trudno, ale bardzo widowiskowo.","Atrakcje wyjątkowe. Trasa jest wyjątkowo przepiękna, ale też nie zabraknie odcinków bardzo trudnych. Są to klify, które w tym roku, z uwagi na to, że mieliśmy trochę sztormów, pozapadały się, więc będzie ekstremalnie trudno, ale bardzo widowiskowo.","Unique attractions. The route is extremely beautiful, but there will also be very difficult sections. These are cliffs, which this year, due to the fact that we had some storms, got up, so it will be extremely difficult, but very spectacular.",excitement,moderate
"00:18:39,000","00:18:51,000","I można też przyjść nie tylko po to, żeby jeździć, ale można tutaj być na trakcie Solidarności, żeby dopingować rowerzystów na początku. A meta?","I można też przyjść nie tylko po to, żeby jeździć, ale można tutaj być na trakcie Solidarności, żeby dopingować rowerzystów na początku. A meta?","And you can also come not only to ride, but you can be here on solidarity to cheer cyclists at the beginning. And the finish?",excitement,mild
"00:18:51,000","00:19:05,000","Meta oczywiście na terenie Ośrodka Sportu i Rozwoju, na Placu Integracyjnym, tam całe miasteczko rowerowe przygotowane przez naszych pracowników i można też, zachęcam też, żeby tam zobaczyć, spotkać się z najlepszymi zawodnikami w kraju.","Meta oczywiście na terenie Ośrodka Sportu i Rozwoju, na Placu Integracyjnym, tam całe miasteczko rowerowe przygotowane przez naszych pracowników i można też, zachęcam też, żeby tam zobaczyć, spotkać się z najlepszymi zawodnikami w kraju.","The finish line, of course, at the Sports and Development Center, at the Integration Square, there a whole bicycle town prepared by our employees and you can also encourage you to see there, meet the best players in the country.",excitement,mild
"00:19:05,000","00:19:08,000",Ile będzie trwało pokonanie takiej trasy?,Ile będzie trwało pokonanie takiej trasy?,How much will it take to overcome such a route?,curiosity,neutral
"00:19:08,000","00:19:25,000","Pokonanie takiej trasy my szacujemy na około 45 do 55 minut przez zawodowców. Oczywiście amatorzy będą tą trasę pokonywali troszeczkę dłużej. Zawodników będziemy puszczać co 30 sekund indywidualnie, to tak, żeby nie wydarzyły się jakieś kontuzje niepotrzebne.","Pokonanie takiej trasy my szacujemy na około 45 do 55 minut przez zawodowców. Oczywiście amatorzy będą tą trasę pokonywali troszeczkę dłużej. Zawodników będziemy puszczać co 30 sekund indywidualnie, to tak, żeby nie wydarzyły się jakieś kontuzje niepotrzebne.","We estimate such a route for about 45 to 55 minutes by professionals. Of course, amateurs will cover this route a little longer. We will play players every 30 seconds individually, so that there are no unnecessary injuries.",neutral,neutral
"00:19:25,000","00:19:30,000",Bo wydarzy nam się wyścig MTB już w tę sobotę. Dzięki za rozmowę.,Bo wydarzy nam się wyścig MTB już w tę sobotę. Dzięki za rozmowę.,Because the MTB race will happen this Saturday. Thanks for the conversation.,gratitude,mild
"00:19:30,000","00:19:45,000","Tak jak mówili turyści, morze jest piękne o każdej porze roku i takie wzburzone też. No to popatrzmy jakie jest piękne. A może jeszcze da się wykąpać w te wakacje.","Tak jak mówili turyści, morze jest piękne o każdej porze roku i takie wzburzone też. No to popatrzmy jakie jest piękne. A może jeszcze da się wykąpać w te wakacje.","As tourists said, the sea is beautiful at any time of the year and so rough too. So let's look how beautiful it is. Or maybe you can still take a bath this summer.",admiration,mild
