Start Time,End Time,sentence,sub-emotion,Intensity,emotion
"00:00:00,000","00:00:01,000",How high is your body count?,curiosity,moderate,unknown
"00:00:04,000","00:00:05,000",I had so far ... do you know?,confusion,mild,unknown
"00:00:06,000","00:00:09,000",This is Tom and he dates 7 girls today at the same time.,amusement,moderate,unknown
"00:00:09,000","00:00:11,000",There are 7 girls behind this white curtain.,curiosity,mild,unknown
"00:00:11,000","00:00:14,000","Everyone a different outfit, everyone a different personality.",curiosity,mild,unknown
"00:00:14,000","00:00:15,000",Every round gets one out.,neutral,neutral,neutral
"00:00:15,000","00:00:18,000","The curtain gradually goes up,",,,unknown
"00:00:18,000","00:00:19,000",Because in the end there is only a dropout.,neutral,neutral,neutral
"00:00:19,000","00:00:21,000",Imagine.,curiosity,mild,unknown
"00:00:21,000","00:00:22,000","Hello guys, I'm Tom Supreme.",neutral,neutral,neutral
"00:00:22,000","00:00:25,000",I am the lifeguard you trust today.,neutral,neutral,neutral
"00:00:25,000","00:00:26,000",What are you looking for today?,curiosity,mild,unknown
"00:00:26,000","00:00:28,000",Love leads to life.,optimism,moderate,unknown
"00:00:28,000","00:00:30,000","I've tried it before, it didn't work.",disappointment,mild,unknown
"00:00:30,000","00:00:32,000",Today I'm looking for at the Baywatch level.,excitement,moderate,positive
"00:00:33,000","00:00:35,000",Then I want to find the woman for life.,desire,moderate,unknown
"00:00:35,000","00:00:37,000",We can do that. What would your Red Flag be?,curiosity,mild,unknown
"00:00:37,000","00:00:38,000",When it was a man.,surprise,mild,neutral
"00:00:38,000","00:00:39,000",Real?,surprise,mild,neutral
"00:00:39,000","00:00:42,000","Before we start with the video, like and share the video,",neutral,neutral,neutral
"00:00:42,000","00:00:44,000",Subscribe to the channel and comment.,neutral,neutral,neutral
"00:00:44,000","00:00:46,000",Because among the first 5000 comments that have subscribed to,neutral,neutral,neutral
"00:00:46,000","00:00:47,000",Let's raffle 100 euros.,excitement,moderate,positive
"00:00:48,000","00:00:49,000",So good luck.,optimism,mild,unknown
"00:00:49,000","00:00:51,000",The next time you want to be there,neutral,neutral,neutral
"00:00:51,000","00:00:53,000","Then just apply here, write us a message.",neutral,neutral,neutral
"00:00:54,000","00:00:56,000","If you come from Cologne, you will probably be there.",optimism,mild,unknown
"00:00:57,000","00:00:59,000","Subtitle on behalf of ZDF for Funk, 2017",neutral,neutral,neutral
"00:01:03,000","00:01:05,000","3, 2, 1, okay.",neutral,neutral,neutral
"00:01:06,000","00:01:07,000",Turn around.,neutral,neutral,neutral
"00:01:07,000","00:01:08,000",I'm here.,neutral,neutral,neutral
"00:01:09,000","00:01:10,000",What is your first answer?,curiosity,mild,unknown
"00:01:10,000","00:01:13,000",Do you go to the beach? We are in the Baywatch Edition.,curiosity,mild,unknown
"00:01:13,000","00:01:15,000",I am the lifeguard of your trust.,neutral,neutral,neutral
"00:01:15,000","00:01:16,000","No, fun.",amusement,mild,unknown
"00:01:16,000","00:01:18,000",Is this a beach story?,curiosity,mild,unknown
"00:01:18,000","00:01:22,000","Yes, some have a swimsuit, some bikini, some beach shorts.",neutral,neutral,neutral
"00:01:23,000","00:01:26,000","What I have to say immediately, number 6, what's going on?",confusion,moderate,unknown
"00:01:27,000","00:01:30,000",Do we have no shoe cleaner or what? What's that supposed to mean?,annoyance,mild,unknown
"00:01:30,000","00:01:33,000","You can see that too, can I take a closer look at it?",curiosity,mild,unknown
"00:01:33,000","00:01:34,000","Yes, go, look at her exactly.",neutral,neutral,neutral
"00:01:34,000","00:01:35,000",That is absolute nonsense.,disapproval,moderate,unknown
"00:01:35,000","00:01:38,000",Do you want to wash me What's going on here?,confusion,moderate,unknown
"00:01:38,000","00:01:39,000","Although, that's ...",neutral,neutral,neutral
"00:01:39,000","00:01:41,000","Ha, ha, ha, ha, ha.",amusement,moderate,unknown
"00:01:41,000","00:01:42,000","Hi, Digger?",neutral,neutral,neutral
"00:01:42,000","00:01:43,000","Ha, ha, ha, ha.",amusement,moderate,unknown
"00:01:43,000","00:01:44,000",Do we also have horses with us?,confusion,mild,unknown
"00:01:44,000","00:01:45,000","Ha, ha, ha, ha.",amusement,moderate,unknown
"00:01:45,000","00:01:46,000","Okay, no.",neutral,neutral,neutral
"00:01:46,000","00:01:50,000","I don't know, but number 3 is also very questionable.",confusion,mild,unknown
"00:01:50,000","00:01:51,000",Gut.,neutral,neutral,neutral
"00:01:51,000","00:01:52,000",Dominant.,neutral,neutral,neutral
"00:01:52,000","00:01:54,000",What? Is it dominant?,confusion,mild,unknown
"00:01:54,000","00:01:55,000",It is a dominant.,neutral,neutral,neutral
"00:01:55,000","00:01:57,000",So number 3 is also a bit strange,curiosity,mild,unknown
"00:01:57,000","00:01:59,000",Suspicious is a bit here.,curiosity,mild,unknown
"00:01:59,000","00:02:01,000","Oh, you can also get on your feet ...",amusement,mild,unknown
"00:02:01,000","00:02:02,000","Yes, look at them.",neutral,neutral,neutral
"00:02:02,000","00:02:05,000",I have to say personally that feet are important to me.,neutral,neutral,neutral
"00:02:05,000","00:02:06,000",Real? Foot fetish?,curiosity,mild,unknown
"00:02:06,000","00:02:08,000","No, for example, not at all.",neutral,neutral,neutral
"00:02:08,000","00:02:11,000","So not sexually exciting, but I find number 2 wonderful.",admiration,mild,unknown
"00:02:11,000","00:02:13,000","You have to say, wonderful feet.",admiration,mild,unknown
"00:02:13,000","00:02:16,000","So there too, wonderful.",admiration,mild,unknown
"00:02:16,000","00:02:18,000",I am also very impressed with number 4.,admiration,mild,unknown
"00:02:18,000","00:02:20,000","5, 6 and 3, you don't see much.",neutral,neutral,neutral
"00:02:20,000","00:02:21,000",Suitable question.,neutral,neutral,neutral
"00:02:21,000","00:02:24,000",Three words that describe you.,curiosity,mild,unknown
"00:02:24,000","00:02:27,000","Candidate 1, say three words that describe you.",curiosity,mild,unknown
"00:02:27,000","00:02:29,000","Love, funny, extroverted.",neutral,neutral,neutral
"00:02:29,000","00:02:31,000","Love, funny, extroverted.",neutral,neutral,neutral
"00:02:31,000","00:02:32,000",Fits you.,approval,mild,unknown
"00:02:32,000","00:02:33,000","Sweet, yes.",approval,mild,unknown
"00:02:33,000","00:02:34,000",Candidate 2.,neutral,neutral,neutral
"00:02:34,000","00:02:36,000",I am empathetic.,neutral,neutral,neutral
"00:02:36,000","00:02:37,000",No.,neutral,neutral,neutral
"00:02:39,000","00:02:40,000",Introverted.,neutral,neutral,neutral
"00:02:42,000","00:02:44,000",And I'm humorous.,neutral,neutral,neutral
"00:02:44,000","00:02:45,000",Sweet.,approval,mild,unknown
"00:02:45,000","00:02:47,000","I always say cute, so fits your feet.",amusement,mild,unknown
"00:02:47,000","00:02:48,000",So it's faster.,neutral,neutral,neutral
"00:02:48,000","00:02:49,000","Number 3, yes?",neutral,neutral,neutral
"00:02:50,000","00:02:53,000","I am extroverted, funny",neutral,neutral,neutral
"00:02:53,000","00:02:55,000",And I love shoes.,neutral,neutral,neutral
"00:02:55,000","00:02:57,000","Maybe that's really blatant, cool shoes.",admiration,mild,unknown
"00:02:57,000","00:02:58,000",What are these shoes?,curiosity,mild,unknown
"00:02:58,000","00:03:00,000",You have to find out.,curiosity,mild,unknown
"00:03:02,000","00:03:06,000",Can you show your shoes a little forward what you have?,curiosity,mild,unknown
"00:03:06,000","00:03:08,000",You have to continue to choose me for that.,neutral,neutral,neutral
"00:03:08,000","00:03:09,000",I can do that.,neutral,neutral,neutral
"00:03:10,000","00:03:12,000",I already check which film it is.,curiosity,mild,unknown
"00:03:12,000","00:03:14,000",I don't even know if I'm ready for it.,nervousness,mild,unknown
"00:03:14,000","00:03:15,000","Tim, you are always ready for it.",neutral,neutral,neutral
"00:03:15,000","00:03:18,000","I'm honest, I don't really like that.",disapproval,mild,unknown
"00:03:18,000","00:03:20,000",I am dominant myself.,neutral,neutral,neutral
"00:03:20,000","00:03:23,000","But rather like that, I come from side and am cute",neutral,neutral,neutral
"00:03:23,000","00:03:24,000",Then I'm dominant.,neutral,neutral,neutral
"00:03:24,000","00:03:27,000","And with something like that, is that also possible in such a sexuality direction?",curiosity,mild,unknown
"00:03:27,000","00:03:30,000",Or is it just that you look like that?,curiosity,mild,unknown
"00:03:30,000","00:03:31,000","Tim, you should already try it out.",neutral,neutral,neutral
"00:03:32,000","00:03:33,000",Okay.,neutral,neutral,neutral
"00:03:33,000","00:03:35,000",I can't tell you anymore.,neutral,neutral,neutral
"00:03:35,000","00:03:36,000","Yes, okay.",neutral,neutral,neutral
"00:03:36,000","00:03:38,000",But is somehow interesting.,curiosity,mild,unknown
"00:03:38,000","00:03:40,000","Candidate 4, say three words you describe.",curiosity,mild,unknown
"00:03:40,000","00:03:44,000","I would say humorous, confident,",pride,mild,unknown
"00:03:44,000","00:03:46,000",But still a bit sensitive.,neutral,neutral,neutral
"00:03:46,000","00:03:47,000","Sensitive, very good word.",approval,mild,unknown
"00:03:48,000","00:03:49,000",I am too.,neutral,neutral,neutral
"00:03:49,000","00:03:53,000","I would say, adventurous, spontaneous and emotionally a bit.",neutral,neutral,neutral
"00:03:53,000","00:03:56,000","Fully strange, because all things so far I'm actually too.",surprise,mild,neutral
"00:03:56,000","00:03:57,000",You are everything.,admiration,mild,unknown
"00:03:57,000","00:03:58,000",Everything that is good.,admiration,mild,unknown
"00:03:58,000","00:03:59,000",Nee.,neutral,neutral,neutral
"00:03:59,000","00:04:00,000","Yes, exactly.",neutral,neutral,neutral
"00:04:00,000","00:04:03,000",I am sensitive and cute.,neutral,neutral,neutral
"00:04:03,000","00:04:04,000","No, not that now.",disapproval,mild,unknown
"00:04:04,000","00:04:06,000","But e.g. adventurous, very good.",approval,mild,unknown
"00:04:06,000","00:04:08,000",I am also a very spontaneous guy.,neutral,neutral,neutral
"00:04:08,000","00:04:11,000",I also like to fly random very quickly.,excitement,mild,positive
"00:04:11,000","00:04:12,000","I was in Australia, for example.",pride,mild,unknown
"00:04:12,000","00:04:13,000",To the beach.,neutral,neutral,neutral
"00:04:14,000","00:04:15,000",To the beach e.g. yes.,neutral,neutral,neutral
"00:04:15,000","00:04:17,000","Okay, number 6.",neutral,neutral,neutral
"00:04:17,000","00:04:20,000","Happy, politely and humorous.",neutral,neutral,neutral
"00:04:20,000","00:04:22,000",But somehow they all almost have the same.,confusion,mild,unknown
"00:04:22,000","00:04:25,000","Yes, I would say that is a difficult question.",confusion,mild,unknown
"00:04:25,000","00:04:26,000",What should you say big now?,confusion,mild,unknown
"00:04:26,000","00:04:29,000",What would be a no-go about what they might have said?,curiosity,mild,unknown
"00:04:29,000","00:04:30,000",Dominant z.B.,disapproval,mild,unknown
"00:04:31,000","00:04:32,000",Difficult.,confusion,mild,unknown
"00:04:35,000","00:04:37,000","Boah, I don't even know my brain.",confusion,mild,unknown
"00:04:37,000","00:04:38,000",It's very strange.,confusion,mild,unknown
"00:04:38,000","00:04:40,000","I'm a bit, so it's kind of ...",confusion,mild,unknown
"00:04:40,000","00:04:42,000",Do you find extrovert or introverted?,curiosity,mild,unknown
"00:04:42,000","00:04:45,000",It depends on what level of introvert.,curiosity,mild,unknown
"00:04:45,000","00:04:48,000","For example, if you don't dare to talk to the other person.",nervousness,mild,unknown
"00:04:48,000","00:04:50,000",Alone that she is here means that,realization,mild,unknown
"00:04:50,000","00:04:52,000",that she does not have this level of introvert.,realization,mild,unknown
"00:04:52,000","00:04:54,000",She is also a little cute and cute.,admiration,mild,unknown
"00:04:54,000","00:04:56,000",You can tickle it out somewhere.,curiosity,mild,unknown
"00:04:56,000","00:04:59,000",Then it might bloom if you have a little ...,optimism,mild,unknown
"00:04:59,000","00:05:00,000",Sweet.,admiration,mild,unknown
"00:05:00,000","00:05:02,000",Then you already know who you're going out?,curiosity,mild,unknown
"00:05:02,000","00:05:03,000","Yes, safe.",neutral,neutral,neutral
"00:05:03,000","00:05:04,000","Okay, who is that?",curiosity,mild,unknown
"00:05:04,000","00:05:05,000",6.,neutral,neutral,neutral
"00:05:05,000","00:05:06,000",6.,neutral,neutral,neutral
"00:05:09,000","00:05:10,000",Hello there.,neutral,neutral,neutral
"00:05:10,000","00:05:11,000",Hi.,neutral,neutral,neutral
"00:05:11,000","00:05:13,000",It's all ok? You also have such a thing with you.,curiosity,mild,unknown
"00:05:13,000","00:05:15,000","Don't you dream me, or what?",confusion,mild,unknown
"00:05:15,000","00:05:16,000",I have.,neutral,neutral,neutral
"00:05:16,000","00:05:17,000",I have too.,neutral,neutral,neutral
"00:05:17,000","00:05:18,000",Do you have?,curiosity,mild,unknown
"00:05:18,000","00:05:19,000",Oh.,neutral,neutral,neutral
"00:05:19,000","00:05:21,000",Do you smell of smoke?,curiosity,mild,unknown
"00:05:21,000","00:05:22,000",No.,neutral,neutral,neutral
"00:05:22,000","00:05:23,000",Not?,confusion,mild,unknown
"00:05:23,000","00:05:24,000",No.,neutral,neutral,neutral
"00:05:24,000","00:05:25,000",Oh.,neutral,neutral,neutral
"00:05:25,000","00:05:26,000",Don't smell.,neutral,neutral,neutral
"00:05:26,000","00:05:27,000","Well, what do you think?",curiosity,mild,unknown
"00:05:27,000","00:05:28,000",I was happy.,joy,mild,positive
"00:05:28,000","00:05:30,000",I was also happy.,joy,mild,positive
"00:05:30,000","00:05:31,000",He is very pretty.,admiration,mild,unknown
"00:05:31,000","00:05:32,000","Oh, that was really cute.",amusement,mild,unknown
"00:05:32,000","00:05:33,000",You too.,approval,mild,unknown
"00:05:33,000","00:05:34,000",Thank you very much.,gratitude,mild,unknown
"00:05:34,000","00:05:35,000",Bye.,neutral,neutral,neutral
"00:05:35,000","00:05:36,000",Bye.,neutral,neutral,neutral
"00:05:36,000","00:05:37,000","Oh, it was cute.",amusement,mild,unknown
"00:05:38,000","00:05:39,000",What do you think?,curiosity,mild,unknown
"00:05:39,000","00:05:40,000","Yes, well, yes.",neutral,neutral,neutral
"00:05:40,000","00:05:41,000",I don't know.,confusion,mild,unknown
"00:05:41,000","00:05:42,000",Smoked for smoke.,confusion,mild,unknown
"00:05:42,000","00:05:43,000",Real?,surprise,mild,neutral
"00:05:43,000","00:05:44,000",I don't know.,confusion,mild,unknown
"00:05:44,000","00:05:46,000","So, with me ... what?",confusion,mild,unknown
"00:05:46,000","00:05:47,000",Next round.,neutral,neutral,neutral
"00:05:52,000","00:05:54,000","3, 2, 1.",neutral,neutral,neutral
"00:05:55,000","00:05:56,000",What is your first impression?,curiosity,mild,unknown
"00:05:58,000","00:05:59,000",Mhm.,neutral,neutral,neutral
"00:05:59,000","00:06:00,000",Mhm.,neutral,neutral,neutral
"00:06:00,000","00:06:01,000",What is ... uh ...,confusion,mild,unknown
"00:06:02,000","00:06:03,000",Number 3.,neutral,neutral,neutral
"00:06:03,000","00:06:04,000",Who do you want ...,curiosity,mild,unknown
"00:06:04,000","00:06:06,000",What kind of bag is that there?,curiosity,mild,unknown
"00:06:07,000","00:06:08,000",This is such a ...,neutral,neutral,neutral
"00:06:08,000","00:06:09,000",Secret bag.,curiosity,mild,unknown
"00:06:09,000","00:06:10,000",Do you have?,curiosity,mild,unknown
"00:06:10,000","00:06:11,000",Lifeguard.,neutral,neutral,neutral
"00:06:12,000","00:06:13,000",And what's in there?,curiosity,mild,unknown
"00:06:13,000","00:06:15,000",Do you find out?,curiosity,mild,unknown
"00:06:15,000","00:06:17,000",Why are there white spots on this thing?,curiosity,mild,unknown
"00:06:17,000","00:06:18,000",This is a lint.,neutral,neutral,neutral
"00:06:18,000","00:06:20,000",You certainly can't lint it.,disapproval,mild,unknown
"00:06:20,000","00:06:22,000","Well, you can find out more, as I said.",curiosity,mild,unknown
"00:06:22,000","00:06:24,000",Have you already played with someone else?,curiosity,mild,unknown
"00:06:25,000","00:06:26,000","No, sorry, not yet.",neutral,neutral,neutral
"00:06:26,000","00:06:27,000",Did you save someone?,curiosity,mild,unknown
"00:06:27,000","00:06:29,000","Exactly, I saved someone.",pride,moderate,unknown
"00:06:29,000","00:06:30,000",How did you save it?,curiosity,mild,unknown
"00:06:30,000","00:06:31,000",Mouth to mouth or floor deeper?,amusement,mild,unknown
"00:06:32,000","00:06:33,000",Uh...,confusion,mild,unknown
"00:06:34,000","00:06:36,000",I can't tell you so much.,nervousness,mild,unknown
"00:06:36,000","00:06:37,000",This is a private ...,nervousness,mild,unknown
"00:06:37,000","00:06:38,000",This is a job.,neutral,neutral,neutral
"00:06:38,000","00:06:41,000","I go ahead, she runs on the beach with these things.",neutral,neutral,neutral
"00:06:43,000","00:06:45,000","She is really confident, but do you think that is good?",curiosity,mild,unknown
"00:06:45,000","00:06:47,000","No, horny. I think it's ultra -interesting.",excitement,moderate,positive
"00:06:48,000","00:06:51,000","Also that she is so quick -witted, I actually find Baba like that.",admiration,moderate,unknown
"00:06:51,000","00:06:52,000",Mhm.,neutral,neutral,neutral
"00:06:52,000","00:06:53,000","Um, yes.",neutral,neutral,neutral
"00:06:53,000","00:06:54,000",But number 2.,neutral,neutral,neutral
"00:06:54,000","00:06:55,000","Um, question ...",curiosity,mild,unknown
"00:06:55,000","00:06:57,000",I don't know how to proceed,confusion,moderate,unknown
"00:06:57,000","00:06:59,000",But it just looks like a dress.,neutral,neutral,neutral
"00:06:59,000","00:07:01,000","So first of all very nice,",approval,mild,unknown
"00:07:01,000","00:07:04,000",The trees and the white nails also get over here.,neutral,neutral,neutral
"00:07:04,000","00:07:05,000",Looks very nice.,approval,mild,unknown
"00:07:05,000","00:07:06,000","But, um, things ...",confusion,mild,unknown
"00:07:06,000","00:07:07,000",That is also ...,neutral,neutral,neutral
"00:07:07,000","00:07:10,000",This is so beach. Will it be so beach-like?,curiosity,mild,unknown
"00:07:10,000","00:07:12,000",That will be beach. This is a beach party.,excitement,mild,positive
"00:07:12,000","00:07:15,000","After the job, it's still at a party on the beach.",excitement,mild,positive
"00:07:15,000","00:07:17,000",Number 1 definitely interesting.,approval,mild,unknown
"00:07:17,000","00:07:20,000",It is definitely worth it that you dare.,approval,moderate,unknown
"00:07:20,000","00:07:21,000",First of all.,neutral,neutral,neutral
"00:07:22,000","00:07:23,000",And there are a lot of tattoos.,neutral,neutral,neutral
"00:07:23,000","00:07:26,000",Can you tell me a bit what they stand for or something?,curiosity,mild,unknown
"00:07:26,000","00:07:27,000",Do you like Pokémon?,curiosity,mild,unknown
"00:07:27,000","00:07:28,000",Nee.,neutral,neutral,neutral
"00:07:28,000","00:07:29,000",Wow.,surprise,mild,neutral
"00:07:29,000","00:07:33,000","Yes, here, for example, I have these seeds from Avatar Appa.",pride,mild,unknown
"00:07:33,000","00:07:35,000",Then I have Pichu here.,pride,mild,unknown
"00:07:35,000","00:07:36,000",Here I have a saying.,neutral,neutral,neutral
"00:07:37,000","00:07:38,000",I have such trash tattoos down there.,embarrassment,mild,unknown
"00:07:38,000","00:07:40,000",What kind of saying is that?,curiosity,mild,unknown
"00:07:40,000","00:07:44,000","I am fucking insane, but my intentions are gold and my heart is pure.",pride,intense,unknown
"00:07:45,000","00:07:47,000",I have to process that first.,surprise,mild,neutral
"00:07:47,000","00:07:48,000",Again.,confusion,mild,unknown
"00:07:48,000","00:07:49,000","I am feeling insane, but...",confusion,mild,unknown
"00:07:49,000","00:07:51,000",You are welcome to read it.,neutral,neutral,neutral
"00:07:51,000","00:07:52,000",Introduction.,neutral,neutral,neutral
"00:07:52,000","00:07:53,000",Meh. Okay.,neutral,neutral,neutral
"00:07:55,000","00:07:56,000",Not understood.,confusion,mild,unknown
"00:07:56,000","00:07:58,000",Which outfit is it best to find so far?,curiosity,mild,unknown
"00:07:59,000","00:08:00,000","Yes, number 2 is terrific.",approval,moderate,unknown
"00:08:00,000","00:08:02,000",I also find number 4 very strong.,admiration,mild,unknown
"00:08:02,000","00:08:03,000",3 has dared a lot.,admiration,moderate,unknown
"00:08:03,000","00:08:06,000","1 is very much in beach mode, so okay.",neutral,neutral,neutral
"00:08:06,000","00:08:08,000","2, don't know, looks a bit like volleyball.",confusion,mild,unknown
"00:08:08,000","00:08:10,000","No, there is such a ...",confusion,mild,unknown
"00:08:10,000","00:08:12,000","Oh no, that's such a romper, I check.",realization,mild,unknown
"00:08:12,000","00:08:13,000",Lifeguard.,neutral,neutral,neutral
"00:08:13,000","00:08:15,000","Ah, also thought something very well.",realization,mild,unknown
"00:08:15,000","00:08:16,000",And.,neutral,neutral,neutral
"00:08:16,000","00:08:17,000",Do you have socks on?,curiosity,mild,unknown
"00:08:17,000","00:08:19,000","No, no socks, but foot chains.",neutral,neutral,neutral
"00:08:19,000","00:08:21,000","Could be stinky Winky, we don't know.",amusement,mild,unknown
"00:08:21,000","00:08:23,000",Are your feet stinky winky?,amusement,mild,unknown
"00:08:23,000","00:08:24,000",Can smell.,neutral,neutral,neutral
"00:08:29,000","00:08:30,000",Have Mal Hoch das ding.,neutral,neutral,neutral
"00:08:30,000","00:08:31,000",Here is my hand.,neutral,neutral,neutral
"00:08:33,000","00:08:34,000","Wow, don't stink.",surprise,mild,neutral
"00:08:36,000","00:08:38,000","So, I wouldn't exchange with myself.",disapproval,mild,unknown
"00:08:38,000","00:08:39,000",It is always difficult for me.,annoyance,moderate,unknown
"00:08:39,000","00:08:40,000","Well, suitable question.",neutral,neutral,neutral
"00:08:40,000","00:08:42,000",We go into the other department.,neutral,neutral,neutral
"00:08:43,000","00:08:45,000",We have now started here.,neutral,neutral,neutral
"00:08:45,000","00:08:48,000","For me it is really, I know that is now such an issue",confusion,mild,unknown
"00:08:48,000","00:08:49,000",But for me it is important,optimism,moderate,unknown
"00:08:49,000","00:08:51,000",we feel the body on account.,neutral,neutral,neutral
"00:08:51,000","00:08:53,000","So, it is important to me.",optimism,moderate,unknown
"00:08:53,000","00:08:55,000","Simply important for you privately, really?",curiosity,mild,unknown
"00:08:55,000","00:08:57,000","I don't know, others think differently",confusion,mild,unknown
"00:08:57,000","00:08:59,000",But it's really important for me.,optimism,moderate,unknown
"00:08:59,000","00:09:01,000","I am also someone who is not that often yet,",neutral,neutral,neutral
"00:09:01,000","00:09:05,000","A lot with one, but then only, I had 3 so far, you know.",neutral,neutral,neutral
"00:09:05,000","00:09:06,000",So if someone now ...,curiosity,mild,unknown
"00:09:06,000","00:09:08,000","Okay, okay, okay, yes, exactly.",neutral,neutral,neutral
"00:09:08,000","00:09:11,000","Candidate number 1, how high is your body count?",curiosity,mild,unknown
"00:09:11,000","00:09:12,000",10.,neutral,neutral,neutral
"00:09:14,000","00:09:15,000",Okay.,neutral,neutral,neutral
"00:09:15,000","00:09:17,000","Candidate number 2, how high is your body count?",curiosity,mild,unknown
"00:09:17,000","00:09:19,000","So, I see it like Tom.",neutral,neutral,neutral
"00:09:19,000","00:09:22,000",I think you should definitely go to the matter with feelings.,approval,moderate,unknown
"00:09:22,000","00:09:24,000",And with me it is 4.,neutral,neutral,neutral
"00:09:24,000","00:09:25,000",Candidate 3.,neutral,neutral,neutral
"00:09:25,000","00:09:28,000","So, I'm waiting for the right person, I don't have one yet.",optimism,moderate,unknown
"00:09:28,000","00:09:29,000","Also, 0.",neutral,neutral,neutral
"00:09:31,000","00:09:32,000",Candidate 4.,neutral,neutral,neutral
"00:09:32,000","00:09:34,000",I don't reveal my body count.,neutral,neutral,neutral
"00:09:35,000","00:09:37,000","I am Aquarius of zodiac signs,",neutral,neutral,neutral
"00:09:37,000","00:09:38,000",But I'm also a virgin.,neutral,neutral,neutral
"00:09:38,000","00:09:39,000",What do you think?,curiosity,mild,unknown
"00:09:40,000","00:09:41,000","Wait, I have to go through.",confusion,mild,unknown
"00:09:41,000","00:09:42,000",10.,neutral,neutral,neutral
"00:09:42,000","00:09:45,000","10 is always such a difficult thing, so it is usually 8.",neutral,neutral,neutral
"00:09:46,000","00:09:48,000","If a woman says 8, then it can go to infinity.",amusement,mild,unknown
"00:09:48,000","00:09:49,000",Nonsense.,annoyance,mild,unknown
"00:09:49,000","00:09:52,000","If you know, then the 8 is sometimes shot like this.",confusion,mild,unknown
"00:09:52,000","00:09:53,000",Nonsense.,annoyance,mild,unknown
"00:09:53,000","00:09:54,000",But better 10 than 100.,neutral,neutral,neutral
"00:09:54,000","00:09:55,000",Please?,confusion,mild,unknown
"00:09:55,000","00:09:56,000",Better 10 than 100.,neutral,neutral,neutral
"00:09:56,000","00:09:57,000","Yes, that's right.",approval,mild,unknown
"00:09:57,000","00:09:59,000","Therefore, 10 couldn't be now.",confusion,mild,unknown
"00:09:59,000","00:10:00,000","So, I would say 10.",neutral,neutral,neutral
"00:10:00,000","00:10:01,000",I would say 10.,neutral,neutral,neutral
"00:10:01,000","00:10:02,000",Okay.,neutral,neutral,neutral
"00:10:00,000","00:10:01,000",You have to be really real.,neutral,neutral,neutral
"00:10:01,000","00:10:03,000","Some say, yes, eight.",neutral,neutral,neutral
"00:10:03,000","00:10:05,000","Then it is, you know how I say?",confusion,mild,unknown
"00:10:05,000","00:10:07,000",You have to be careful.,neutral,neutral,neutral
"00:10:07,000","00:10:08,000","The second, that was cute and so on,",amusement,mild,unknown
"00:10:09,000","00:10:12,000",But I have the feeling that I want to like it that way.,desire,mild,unknown
"00:10:12,000","00:10:15,000","Mhm, I have too. But is also cute.",amusement,mild,unknown
"00:10:15,000","00:10:17,000","I am very careful, I'll tell you honestly.",neutral,neutral,neutral
"00:10:17,000","00:10:20,000",For me there are certain keywords when someone says that,curiosity,mild,unknown
"00:10:20,000","00:10:22,000",Then I am directly over.,disapproval,mild,unknown
"00:10:22,000","00:10:23,000",For example?,curiosity,mild,unknown
"00:10:23,000","00:10:25,000",I want to get to know the right Tom.,desire,mild,unknown
"00:10:25,000","00:10:28,000",I said that in the podcast when someone says that,neutral,neutral,neutral
"00:10:29,000","00:10:30,000",Because that's how ...,neutral,neutral,neutral
"00:10:30,000","00:10:33,000",They want to go into this wound that I showed,neutral,neutral,neutral
"00:10:33,000","00:10:34,000",So that the so ...,neutral,neutral,neutral
"00:10:34,000","00:10:36,000","Yes, that you can do mommy.",neutral,neutral,neutral
"00:10:36,000","00:10:38,000",But I still found two likeable.,approval,mild,unknown
"00:10:38,000","00:10:41,000",But candidate three said she has none.,confusion,mild,unknown
"00:10:41,000","00:10:43,000",That is the controversy because I thought,confusion,mild,unknown
"00:10:43,000","00:10:46,000","Then she comes, I've already flogged ten people.",surprise,moderate,neutral
"00:10:46,000","00:10:47,000","Also, Tim?",confusion,mild,unknown
"00:10:48,000","00:10:50,000",I'm now ...,neutral,neutral,neutral
"00:10:50,000","00:10:52,000","Oh no, Oh no, Tom, Tom, I'm sorry.",remorse,moderate,unknown
"00:10:53,000","00:10:54,000",Ah!,surprise,mild,neutral
"00:10:54,000","00:10:55,000","Tom, you won't evaporate me.",neutral,neutral,neutral
"00:10:56,000","00:10:57,000",You don't know what my name is.,annoyance,mild,unknown
"00:10:57,000","00:10:59,000",That doesn't sound at all.,disapproval,mild,unknown
"00:10:59,000","00:11:00,000",Um ...,neutral,neutral,neutral
"00:11:00,000","00:11:02,000","That doesn't sound, then don't say anything.",disapproval,mild,unknown
"00:11:02,000","00:11:05,000","I'm sorry, candidate four didn't want to say it.",remorse,mild,unknown
"00:11:05,000","00:11:08,000","Yes, all alarm bells were already on for me.",nervousness,moderate,unknown
"00:11:09,000","00:11:11,000",But you can also see both sides again.,neutral,neutral,neutral
"00:11:11,000","00:11:14,000",It can also be one who doesn't want to talk that.,neutral,neutral,neutral
"00:11:14,000","00:11:18,000","I just find something private, what is not quite youtube.",disapproval,mild,unknown
"00:11:18,000","00:11:20,000","For example, this is a thing.",neutral,neutral,neutral
"00:11:20,000","00:11:22,000",But you could have just lies.,disapproval,mild,unknown
"00:11:22,000","00:11:23,000","Yes, why lies?",confusion,mild,unknown
"00:11:23,000","00:11:26,000","Hey, she doesn't lie, why do you want to say that?",annoyance,moderate,unknown
"00:11:26,000","00:11:28,000","Unfortunately, you have to throw that out.",disappointment,mild,unknown
"00:11:28,000","00:11:31,000","Yes, in fact I have to take a candidate one,",neutral,neutral,neutral
"00:11:31,000","00:11:33,000",Because I didn't like the sentence.,disapproval,mild,unknown
"00:11:33,000","00:11:36,000","First of all, I didn't understand that either.",confusion,mild,unknown
"00:11:36,000","00:11:40,000","And then also with the Pokémon, I can't identify with.",disapproval,mild,unknown
"00:11:40,000","00:11:41,000",Okay.,neutral,neutral,neutral
"00:11:41,000","00:11:44,000","Then candidate number one, you can now come out.",neutral,neutral,neutral
"00:11:47,000","00:11:48,000",Hallo!,neutral,neutral,neutral
"00:11:48,000","00:11:49,000",Hello there.,neutral,neutral,neutral
"00:11:49,000","00:11:50,000",Hallo.,neutral,neutral,neutral
"00:11:50,000","00:11:51,000",Hallo.,neutral,neutral,neutral
"00:11:52,000","00:11:53,000","Yes, I'm happy, everything is good?",joy,mild,positive
"00:11:53,000","00:11:54,000","Yes, and you?",neutral,neutral,neutral
"00:11:54,000","00:11:55,000","Yes, fits.",neutral,neutral,neutral
"00:11:56,000","00:11:57,000",You did that well.,approval,mild,unknown
"00:11:57,000","00:11:58,000",Thank you very much.,gratitude,mild,unknown
"00:11:58,000","00:12:01,000",So respect for daring to do that.,admiration,moderate,unknown
"00:12:01,000","00:12:03,000",Can I look at that again?,curiosity,mild,unknown
"00:12:03,000","00:12:04,000",Two wings even.,neutral,neutral,neutral
"00:12:04,000","00:12:07,000","Wings, does that mean that you are free?",curiosity,mild,unknown
"00:12:07,000","00:12:08,000","Yes, also because of freedom.",neutral,neutral,neutral
"00:12:09,000","00:12:11,000",Do everyone have such meaning for you?,curiosity,mild,unknown
"00:12:11,000","00:12:14,000","Pokémon because of childhood, Appa also because of childhood,",neutral,neutral,neutral
"00:12:14,000","00:12:15,000",That because I like it.,neutral,neutral,neutral
"00:12:15,000","00:12:18,000","200 bpm, are you just a technodame?",curiosity,mild,unknown
"00:12:18,000","00:12:19,000","Nein, Hardcore.",neutral,neutral,neutral
"00:12:19,000","00:12:20,000",Let's go.,excitement,mild,positive
"00:12:20,000","00:12:21,000",Technos are too slow.,disapproval,mild,unknown
"00:12:21,000","00:12:22,000",Let's go.,excitement,mild,positive
"00:12:23,000","00:12:24,000",I can't catch.,neutral,neutral,neutral
"00:12:24,000","00:12:25,000",Was?,confusion,mild,unknown
"00:12:25,000","00:12:26,000",You can catch.,neutral,neutral,neutral
"00:12:26,000","00:12:27,000",What's it called? Dwarf.,curiosity,mild,unknown
"00:12:28,000","00:12:29,000",Hook.,neutral,neutral,neutral
"00:12:29,000","00:12:30,000",I can do that too.,pride,mild,unknown
"00:12:30,000","00:12:31,000",Hook?,curiosity,mild,unknown
"00:12:31,000","00:12:32,000",Is that this where they ...,curiosity,mild,unknown
"00:12:33,000","00:12:34,000",This?,confusion,mild,unknown
"00:12:34,000","00:12:35,000","Yes, but you have to show that.",neutral,neutral,neutral
"00:12:36,000","00:12:37,000",Dance Battle.,excitement,mild,positive
"00:12:37,000","00:12:38,000",I really can't.,neutral,neutral,neutral
"00:12:38,000","00:12:39,000",I can.,neutral,neutral,neutral
"00:12:40,000","00:12:41,000","I don't know, show you.",curiosity,mild,unknown
"00:12:41,000","00:12:43,000",I really can't.,neutral,neutral,neutral
"00:12:43,000","00:12:44,000",Why not?,curiosity,mild,unknown
"00:12:44,000","00:12:45,000",If it's difficult.,neutral,neutral,neutral
"00:12:45,000","00:12:46,000",I'm happy.,joy,mild,positive
"00:12:46,000","00:12:47,000",Look.,neutral,neutral,neutral
"00:12:51,000","00:12:52,000",Do you have?,curiosity,mild,unknown
"00:12:52,000","00:12:54,000",Are you so shammel with every woman?,disapproval,moderate,unknown
"00:12:54,000","00:12:56,000",There was a bit of an assassination.,surprise,moderate,neutral
"00:12:56,000","00:12:57,000","No, there was nothing.",neutral,neutral,neutral
"00:12:57,000","00:12:59,000",I have to ask another question.,curiosity,mild,unknown
"00:12:59,000","00:13:01,000",I don't always want to ...,confusion,mild,unknown
"00:13:01,000","00:13:03,000","It's interesting, do you know how I mean?",curiosity,mild,unknown
"00:13:03,000","00:13:04,000",Clear.,neutral,neutral,neutral
"00:13:05,000","00:13:07,000",If you go into topics that are darker,curiosity,moderate,unknown
"00:13:07,000","00:13:09,000",Then it is of course interest.,curiosity,mild,unknown
"00:13:09,000","00:13:12,000",But we also have two who don't ...,confusion,mild,unknown
"00:13:12,000","00:13:14,000","That's why it's stupid, of course.",annoyance,mild,unknown
"00:13:14,000","00:13:17,000","What is your things, where you say, is that?",curiosity,mild,unknown
"00:13:17,000","00:13:18,000",Sexually?,curiosity,mild,unknown
"00:13:18,000","00:13:20,000","Yes, if you imagine",curiosity,mild,unknown
"00:13:20,000","00:13:22,000",This is exactly how it will run out.,realization,mild,unknown
"00:13:22,000","00:13:24,000",I also want to be spoiled.,desire,moderate,unknown
"00:13:24,000","00:13:26,000","Okay, candidate number eins.",neutral,neutral,neutral
"00:13:26,000","00:13:28,000",How do you want to be spoiled sexual?,curiosity,moderate,unknown
"00:13:28,000","00:13:30,000","Oh Gott, also ...",surprise,mild,neutral
"00:13:31,000","00:13:34,000",I would say I assume that we have known each other for a long time.,neutral,neutral,neutral
"00:13:34,000","00:13:35,000","Yes, exactly.",neutral,neutral,neutral
"00:13:35,000","00:13:36,000",Exactly.,neutral,neutral,neutral
"00:13:36,000","00:13:38,000","We're going to eat something, I say now.",neutral,neutral,neutral
"00:13:38,000","00:13:41,000","Maybe we don't drink too much, but so.",neutral,neutral,neutral
"00:13:41,000","00:13:43,000",Be a little funny.,amusement,mild,unknown
"00:13:43,000","00:13:47,000",And that you can feel this tension a bit.,excitement,mild,positive
"00:13:47,000","00:13:51,000",That you tell a little bit of a pretty one or something.,curiosity,mild,unknown
"00:13:51,000","00:13:53,000",What you could do at home.,curiosity,mild,unknown
"00:13:53,000","00:13:57,000","No, and then, how is it, it has to go to the wall and so, or ...",confusion,mild,unknown
"00:13:57,000","00:13:58,000",I do not know.,confusion,mild,unknown
"00:13:58,000","00:13:59,000",Um ...,confusion,mild,unknown
"00:13:59,000","00:14:00,000",Is that too much? No.,curiosity,mild,unknown
"00:14:01,000","00:14:02,000",We don't have to answer it.,relief,mild,unknown
"00:14:03,000","00:14:05,000","Yes, definitely when we come home",neutral,neutral,neutral
"00:14:05,000","00:14:07,000",Then we look.,neutral,neutral,neutral
"00:14:07,000","00:14:08,000",Do we then look?,curiosity,mild,unknown
"00:14:08,000","00:14:10,000","Yes, let's see how quickly it starts.",neutral,neutral,neutral
"00:14:10,000","00:14:11,000",Okay.,neutral,neutral,neutral
"00:14:12,000","00:14:14,000",Candidate number two.,neutral,neutral,neutral
"00:14:14,000","00:14:15,000","Well, I ...",neutral,neutral,neutral
"00:14:15,000","00:14:17,000",I am open to everything.,neutral,neutral,neutral
"00:14:17,000","00:14:18,000","So, for everything.",neutral,neutral,neutral
"00:14:18,000","00:14:23,000","As long as you have your limits and you respect you, I would say.",caring,mild,unknown
"00:14:23,000","00:14:26,000",This is very difficult if you haven't had for the first time.,confusion,mild,unknown
"00:14:27,000","00:14:29,000",That's why I thought at 42 is always a bit stupid.,annoyance,mild,unknown
"00:14:30,000","00:14:31,000",So now was four.,neutral,neutral,neutral
"00:14:31,000","00:14:34,000",Actually also Cute because you can test the borders together.,amusement,mild,unknown
"00:14:35,000","00:14:36,000",When you get cute.,amusement,mild,unknown
"00:14:36,000","00:14:39,000","Simply have respect, then you can do everything.",caring,mild,unknown
"00:14:39,000","00:14:40,000",Candidate three.,neutral,neutral,neutral
"00:14:40,000","00:14:42,000",He definitely has to make me laugh.,desire,moderate,unknown
"00:14:42,000","00:14:46,000","In any case, half the battle when he makes me laugh.",amusement,mild,unknown
"00:14:46,000","00:14:47,000",He has to be able to listen to me.,desire,moderate,unknown
"00:14:47,000","00:14:50,000",I don't know that you just get along well.,confusion,mild,unknown
"00:14:50,000","00:14:51,000",Hm.,neutral,neutral,neutral
"00:14:51,000","00:14:52,000",Candidate four.,neutral,neutral,neutral
"00:14:52,000","00:14:56,000",We might start drinking coffee.,curiosity,mild,unknown
"00:14:56,000","00:14:58,000",This can then be done through an espresso martini.,curiosity,mild,unknown
"00:14:58,000","00:14:59,000",And then ...,curiosity,mild,unknown
"00:14:59,000","00:15:01,000",Maybe we'll cook something nice together.,optimism,mild,unknown
"00:15:02,000","00:15:03,000",What do we cook beautiful?,curiosity,mild,unknown
"00:15:03,000","00:15:05,000","I was in Italy, have ...",neutral,neutral,neutral
"00:15:05,000","00:15:06,000",Pasta cooked.,neutral,neutral,neutral
"00:15:06,000","00:15:07,000",Lemon pasta.,neutral,neutral,neutral
"00:15:07,000","00:15:09,000",Did you take a course?,curiosity,mild,unknown
"00:15:09,000","00:15:10,000","I'm sorry, what?",confusion,mild,unknown
"00:15:10,000","00:15:13,000","Nah, we ate in the restaurant and then cooked.",neutral,neutral,neutral
"00:15:14,000","00:15:16,000",So then eat twice?,curiosity,mild,unknown
"00:15:16,000","00:15:18,000","Yes, quasi. But only a few days later.",neutral,neutral,neutral
"00:15:18,000","00:15:20,000",So you ate pasta and then thought,curiosity,mild,unknown
"00:15:21,000","00:15:22,000",We are now trying to cook.,optimism,mild,unknown
"00:15:22,000","00:15:24,000",Exactly. Was fully cute.,amusement,mild,unknown
"00:15:24,000","00:15:25,000","Yes, then I can show you that.",optimism,mild,unknown
"00:15:26,000","00:15:28,000",And then we see what the evening brings.,curiosity,mild,unknown
"00:15:28,000","00:15:29,000","Uh, things, um ...",confusion,mild,unknown
"00:15:29,000","00:15:31,000","Hey, fully romantic.",amusement,mild,unknown
"00:15:31,000","00:15:34,000","Yes, it was cute and everything, but I need more input.",annoyance,mild,unknown
"00:15:34,000","00:15:36,000",I need these things.,desire,mild,unknown
"00:15:36,000","00:15:37,000","Okay, then you show.",neutral,neutral,neutral
"00:15:37,000","00:15:38,000",What did you think?,curiosity,mild,unknown
"00:15:38,000","00:15:40,000",Which pasta would you do exactly?,curiosity,mild,unknown
"00:15:40,000","00:15:41,000",Which one would you ...,curiosity,mild,unknown
"00:15:41,000","00:15:44,000",Do you want to take barilla or veccheko?,curiosity,mild,unknown
"00:15:44,000","00:15:46,000","Which things? Do you take fusilli, linguine?",curiosity,mild,unknown
"00:15:46,000","00:15:48,000",Do you take spaghetti? What do you take?,curiosity,mild,unknown
"00:15:48,000","00:15:51,000","Um, I first look at what fits the sauce.",neutral,neutral,neutral
"00:15:51,000","00:15:53,000",What sauce would you offer me?,curiosity,mild,unknown
"00:15:53,000","00:15:55,000","Yes, the lemon sauce, the creamy.",neutral,neutral,neutral
"00:15:55,000","00:15:56,000",And what would you ...,curiosity,mild,unknown
"00:15:57,000","00:16:00,000",Tell me how to prepare them because that's a very cool thing.,curiosity,mild,unknown
"00:16:00,000","00:16:02,000","Jo, so first I'll cook the linguine.",neutral,neutral,neutral
"00:16:02,000","00:16:03,000",Very good.,approval,mild,unknown
"00:16:04,000","00:16:05,000",With salt in the boiling water.,neutral,neutral,neutral
"00:16:05,000","00:16:06,000",And.,neutral,neutral,neutral
"00:16:06,000","00:16:09,000",And then I also prepare the sauce.,neutral,neutral,neutral
"00:16:09,000","00:16:10,000",How you do that?,curiosity,mild,unknown
"00:16:10,000","00:16:12,000",I swing the wooden spoon.,amusement,mild,unknown
"00:16:12,000","00:16:13,000","Okay, cool.",approval,mild,unknown
"00:16:13,000","00:16:14,000",Yes but ...,neutral,neutral,neutral
"00:16:14,000","00:16:18,000","Yes, with cream, lemon, fresh lemon.",neutral,neutral,neutral
"00:16:18,000","00:16:20,000",Different spices.,neutral,neutral,neutral
"00:16:20,000","00:16:22,000","Yes, and then we taste together.",neutral,neutral,neutral
"00:16:22,000","00:16:24,000",Do you know what is really crazy,curiosity,mild,unknown
"00:16:24,000","00:16:27,000",If you make such a white wine reduction at the beginning?,curiosity,mild,unknown
"00:16:27,000","00:16:28,000",Because that gives such a depth.,admiration,mild,unknown
"00:16:29,000","00:16:30,000",We are cooking channel here.,pride,mild,unknown
"00:16:30,000","00:16:32,000",She didn't say that.,disappointment,mild,unknown
"00:16:32,000","00:16:34,000",That would have been very important to me.,disappointment,moderate,unknown
"00:16:34,000","00:16:36,000",How would you listen to you in one evening?,curiosity,mild,unknown
"00:16:36,000","00:16:39,000","Boah, I'm just such a seducer from A to Z, right?",pride,moderate,unknown
"00:16:39,000","00:16:40,000",Mhm.,neutral,neutral,neutral
"00:16:40,000","00:16:43,000",So first get to know this likeable.,curiosity,mild,unknown
"00:16:43,000","00:16:45,000",I have already made a plan.,neutral,neutral,neutral
"00:16:45,000","00:16:48,000","Depending on, you have to find out what likes the lady.",curiosity,mild,unknown
"00:16:48,000","00:16:50,000",Then you remember these little things.,caring,mild,unknown
"00:16:50,000","00:16:52,000",This is always such a huge thing.,excitement,mild,positive
"00:16:52,000","00:16:54,000","If the cinema likes, go to the cinema.",caring,mild,unknown
"00:16:54,000","00:16:56,000","If the special food likes, your favorite food,",caring,mild,unknown
"00:16:57,000","00:16:58,000",Are you looking for the best thing.,curiosity,mild,unknown
"00:16:58,000","00:17:00,000",Or you cook it yourself.,caring,mild,unknown
"00:17:00,000","00:17:03,000",I am a friend of favorite films.,pride,mild,unknown
"00:17:03,000","00:17:05,000",Then you make Netflix and spontaneously this film.,excitement,mild,positive
"00:17:05,000","00:17:08,000","And this, Ah, I thought that and so things.",realization,mild,unknown
"00:17:08,000","00:17:10,000",But now you have done it fully off-cut.,disapproval,mild,unknown
"00:17:10,000","00:17:12,000",Because you wanted to know about the sexual.,curiosity,mild,unknown
"00:17:13,000","00:17:15,000","Yes, that's spicy, I want a little ...",desire,mild,unknown
"00:17:15,000","00:17:18,000","Oh right! Yes, zack, zack on the wall and then advice!",excitement,moderate,positive
"00:17:18,000","00:17:21,000","I don't know, it depends on the situation.",confusion,mild,unknown
"00:17:21,000","00:17:24,000",You just have to watch a little bit.,neutral,neutral,neutral
"00:17:24,000","00:17:25,000",Mhm.,neutral,neutral,neutral
"00:17:25,000","00:17:28,000","Man, I don't know, depends on the woman.",confusion,mild,unknown
"00:17:28,000","00:17:31,000","Imagine, scenario, you come home with a woman.",neutral,neutral,neutral
"00:17:31,000","00:17:32,000",She is the door behind you.,neutral,neutral,neutral
"00:17:32,000","00:17:34,000",But already on ...,neutral,neutral,neutral
"00:17:34,000","00:17:36,000","You have one like with lady here,",neutral,neutral,neutral
"00:17:36,000","00:17:38,000",Where you have a little ...,neutral,neutral,neutral
"00:17:38,000","00:17:41,000","Yes, exactly, you have a little bit beforehand ...",neutral,neutral,neutral
"00:17:41,000","00:17:44,000","Then the bomb goes, then the bomb bursts, right?",excitement,moderate,positive
"00:17:44,000","00:17:46,000","Yes, what's next? You are in the hallway.",neutral,neutral,neutral
"00:17:46,000","00:17:49,000","Yes, then it's a zack, zack, first of all.",excitement,moderate,positive
"00:17:49,000","00:17:51,000",Then first zack against the wall.,excitement,moderate,positive
"00:17:51,000","00:17:53,000","So you know, so this films, already full program.",excitement,moderate,positive
"00:17:53,000","00:17:56,000","I will not give my spice so much to everyone here,",neutral,neutral,neutral
"00:17:57,000","00:17:59,000",Because that's still a secret city of mine.,pride,mild,unknown
"00:18:00,000","00:18:01,000",Doesn't matter.,neutral,neutral,neutral
"00:18:01,000","00:18:02,000",I think it's good.,approval,mild,unknown
"00:18:02,000","00:18:05,000","But they can imagine that, I think.",neutral,neutral,neutral
"00:18:05,000","00:18:08,000","Based on these answers, you now have to choose one.",curiosity,mild,unknown
"00:18:08,000","00:18:09,000","One, very good.",approval,mild,unknown
"00:18:09,000","00:18:10,000",Two ...,neutral,neutral,neutral
"00:18:13,000","00:18:14,000",I find it interesting.,curiosity,mild,unknown
"00:18:14,000","00:18:17,000","I would four, something bothered me at the four.",confusion,moderate,unknown
"00:18:17,000","00:18:19,000",There was something ...,confusion,mild,unknown
"00:18:20,000","00:18:23,000","Something was there, I don't know what it was.",confusion,moderate,unknown
"00:18:23,000","00:18:24,000",Something was ...,confusion,mild,unknown
"00:18:24,000","00:18:25,000","Espresso Martini, Digga.",amusement,mild,unknown
"00:18:25,000","00:18:26,000","Huh, horny!",surprise,moderate,neutral
"00:18:27,000","00:18:28,000","No, what is that?",confusion,mild,unknown
"00:18:28,000","00:18:29,000",Mega Lecker.,approval,moderate,unknown
"00:18:29,000","00:18:33,000",So firstly I drink little alcohol.,neutral,neutral,neutral
"00:18:33,000","00:18:34,000","Okay, null, wenig.",neutral,neutral,neutral
"00:18:34,000","00:18:36,000","Every now and then, every Saturday.",neutral,neutral,neutral
"00:18:36,000","00:18:39,000","No, not at all, I'm really an alcohol-not-mortar.",disapproval,mild,unknown
"00:18:39,000","00:18:41,000",It was a bit strange.,confusion,mild,unknown
"00:18:41,000","00:18:44,000",Isn't that a thing where you say so scusi and so?,curiosity,mild,unknown
"00:18:44,000","00:18:47,000","Nah, but Espresso Martini is delicious.",approval,mild,unknown
"00:18:47,000","00:18:49,000","And above all, they come from Italy.",pride,mild,unknown
"00:18:49,000","00:18:50,000",You drink that.,neutral,neutral,neutral
"00:18:50,000","00:18:51,000","Yes, I'm sorry.",remorse,mild,unknown
"00:18:51,000","00:18:52,000",Anyway.,neutral,neutral,neutral
"00:18:53,000","00:18:56,000","Candidate number four, you can now come before.",neutral,neutral,neutral
"00:18:58,000","00:18:59,000",Beijing.,neutral,neutral,neutral
"00:18:59,000","00:19:00,000",Hallo!,neutral,neutral,neutral
"00:19:01,000","00:19:02,000",What's up? It's all ok?,curiosity,mild,unknown
"00:19:02,000","00:19:03,000","Yes, and you?",neutral,neutral,neutral
"00:19:03,000","00:19:04,000","Me, prost.",neutral,neutral,neutral
"00:19:04,000","00:19:07,000",I thought Pamela Anderson fit.,curiosity,mild,unknown
"00:19:07,000","00:19:09,000",Yes? Would you categorize yourself like that?,curiosity,mild,unknown
"00:19:09,000","00:19:11,000","Looks like that, isn't it?",curiosity,mild,unknown
"00:19:11,000","00:19:12,000",Hm ...,neutral,neutral,neutral
"00:19:12,000","00:19:13,000","Jo, no.",disapproval,mild,unknown
"00:19:14,000","00:19:15,000","So, I know.",realization,mild,unknown
"00:19:15,000","00:19:16,000",What do you think?,curiosity,mild,unknown
"00:19:16,000","00:19:17,000",What do you say?,curiosity,mild,unknown
"00:19:17,000","00:19:18,000",It looks great.,approval,moderate,unknown
"00:19:19,000","00:19:20,000","Yes, but Pamela Anderson ...",confusion,mild,unknown
"00:19:20,000","00:19:23,000","I have your chains, also suit mine.",pride,mild,unknown
"00:19:23,000","00:19:24,000",Did you collect them yourself?,curiosity,mild,unknown
"00:19:24,000","00:19:25,000","No, the ...",neutral,neutral,neutral
"00:19:25,000","00:19:27,000",I also bought them in Italy.,pride,mild,unknown
"00:19:28,000","00:19:29,000",Are you an Italian,curiosity,mild,unknown
"00:19:29,000","00:19:31,000","Uh, I would like to be.",desire,mild,unknown
"00:19:31,000","00:19:32,000",What are you?,curiosity,mild,unknown
"00:19:32,000","00:19:33,000",Stick a bit Italian.,pride,mild,unknown
"00:19:33,000","00:19:34,000",Please?,confusion,mild,unknown
"00:19:35,000","00:19:37,000",I had Italian at school.,neutral,neutral,neutral
"00:19:37,000","00:19:39,000",And what roots do you have?,curiosity,mild,unknown
"00:19:39,000","00:19:40,000",I am only German.,neutral,neutral,neutral
"00:19:40,000","00:19:41,000",What do you think of him?,curiosity,mild,unknown
"00:19:42,000","00:19:43,000",Looks sympathetic.,neutral,neutral,neutral
"00:19:43,000","00:19:44,000",Thanks.,gratitude,mild,unknown
"00:19:44,000","00:19:47,000",But Schlappen would also have cleaned.,neutral,neutral,neutral
"00:19:47,000","00:19:48,000",Are you right!,approval,mild,unknown
"00:19:48,000","00:19:51,000",The first lady could have completely fronted me.,disappointment,mild,unknown
"00:19:51,000","00:19:53,000","True, I'll run around here like a ...",embarrassment,mild,unknown
"00:19:54,000","00:19:55,000",I ... yes.,neutral,neutral,neutral
"00:19:55,000","00:19:56,000",True.,neutral,neutral,neutral
"00:19:56,000","00:19:57,000",True.,neutral,neutral,neutral
"00:19:57,000","00:19:59,000","Pretty lady, there.",admiration,mild,unknown
"00:19:59,000","00:20:00,000",And.,neutral,neutral,neutral
"00:20:00,000","00:20:01,000",Cool that you are there.,approval,mild,unknown
"00:20:01,000","00:20:02,000","Yes, thank you.",gratitude,mild,unknown
"00:20:02,000","00:20:04,000",You can sit on the fibers back there.,neutral,neutral,neutral
"00:20:05,000","00:20:06,000",Nett.,neutral,neutral,neutral
"00:20:06,000","00:20:07,000",Bereust du's?,curiosity,mild,unknown
"00:20:07,000","00:20:08,000",Next round!,excitement,mild,positive
"00:20:08,000","00:20:09,000","Three, two, one.",neutral,neutral,neutral
"00:20:09,000","00:20:10,000",Semi -finals.,excitement,mild,positive
"00:20:10,000","00:20:12,000","Ey, I find her so cute.",admiration,mild,unknown
"00:20:12,000","00:20:14,000","Number two, I find you so cute.",admiration,mild,unknown
"00:20:14,000","00:20:15,000",You are a sugar pod.,admiration,mild,unknown
"00:20:15,000","00:20:16,000",How sweet!,admiration,mild,unknown
"00:20:16,000","00:20:17,000",How she trembles!,neutral,neutral,neutral
"00:20:18,000","00:20:19,000",I want you briefly ...,desire,mild,unknown
"00:20:19,000","00:20:20,000",I'm so cute.,amusement,mild,unknown
"00:20:20,000","00:20:21,000",I'm so cute.,amusement,mild,unknown
"00:20:21,000","00:20:22,000",I'm so cute.,amusement,mild,unknown
"00:20:22,000","00:20:23,000",I'm so cute.,amusement,mild,unknown
"00:20:23,000","00:20:24,000",I'm so cute.,amusement,mild,unknown
"00:20:25,000","00:20:26,000",I'm so cute.,amusement,mild,unknown
"00:20:26,000","00:20:27,000",I'm so cute.,amusement,mild,unknown
"00:20:27,000","00:20:28,000",I'm so cute.,amusement,mild,unknown
"00:20:28,000","00:20:29,000",I'm so cute.,amusement,mild,unknown
"00:20:30,000","00:20:31,000",Hallo.,neutral,neutral,neutral
"00:20:31,000","00:20:32,000",Why? Are you nervous,curiosity,mild,unknown
"00:20:32,000","00:20:33,000",Bissle.,nervousness,mild,unknown
"00:20:34,000","00:20:35,000",Bissle?,curiosity,mild,unknown
"00:20:35,000","00:20:36,000",Bissle.,nervousness,mild,unknown
"00:20:36,000","00:20:37,000",But sweet hair.,admiration,mild,unknown
"00:20:37,000","00:20:39,000","I think that's fully cool, that's awesome.",excitement,mild,positive
"00:20:39,000","00:20:43,000",At least you dressed as you save someone.,approval,mild,unknown
"00:20:43,000","00:20:44,000",I agree.,approval,mild,unknown
"00:20:44,000","00:20:46,000",You also have such a device in there.,curiosity,mild,unknown
"00:20:46,000","00:20:51,000","If someone is passed out, you go there and inhale the defibrillator.",amusement,mild,unknown
"00:20:51,000","00:20:53,000","But otherwise wonderful, I'll say.",approval,mild,unknown
"00:20:53,000","00:20:54,000",Splendid.,approval,mild,unknown
"00:20:54,000","00:20:56,000",Do you have a question?,curiosity,mild,unknown
"00:20:56,000","00:20:57,000",Ah I.,neutral,neutral,neutral
"00:20:58,000","00:21:00,000","Again, people, judge not.",disapproval,mild,unknown
"00:21:00,000","00:21:02,000",How long does the Schlongi Dongi be?,curiosity,mild,unknown
"00:21:03,000","00:21:05,000",Number three laughs. Why then?,amusement,mild,unknown
"00:21:07,000","00:21:09,000","So, I really think that now ...",neutral,neutral,neutral
"00:21:09,000","00:21:12,000",There is something like microexemplies.,confusion,mild,unknown
"00:21:12,000","00:21:13,000",Correct.,neutral,neutral,neutral
"00:21:13,000","00:21:14,000",Should there be?,curiosity,mild,unknown
"00:21:14,000","00:21:15,000",No idea.,confusion,mild,unknown
"00:21:15,000","00:21:20,000","So, honestly, I think that would not work for a long time.",disappointment,moderate,unknown
"00:21:20,000","00:21:24,000","So, I think intimacy in the relationship is very important.",caring,moderate,unknown
"00:21:24,000","00:21:25,000","Ha, too bad.",disappointment,mild,unknown
"00:21:26,000","00:21:28,000",Why were you so in the topic now?,curiosity,mild,unknown
"00:21:28,000","00:21:30,000","I have it that way, it's not doing so well",sadness,moderate,unknown
"00:21:30,000","00:21:33,000",And that's why I just wanted to check out,curiosity,mild,unknown
"00:21:33,000","00:21:35,000",Because that is purely informative.,neutral,neutral,neutral
"00:21:35,000","00:21:36,000",Better for the man.,approval,mild,unknown
"00:21:36,000","00:21:37,000",The colleague.,neutral,neutral,neutral
"00:21:37,000","00:21:38,000",As long as you are?,confusion,mild,unknown
"00:21:40,000","00:21:41,000",Do you have?,curiosity,mild,unknown
"00:21:41,000","00:21:42,000",As long as you are!,realization,mild,unknown
"00:21:42,000","00:21:43,000",Oh right!,realization,mild,unknown
"00:21:44,000","00:21:45,000",Does not matter!,neutral,neutral,neutral
"00:21:45,000","00:21:46,000",Oh how sweet!,admiration,mild,unknown
"00:21:46,000","00:21:47,000",You have a heart of gold.,admiration,moderate,unknown
"00:21:47,000","00:21:50,000",I haven't thought about it yet.,neutral,neutral,neutral
"00:21:50,000","00:21:54,000",You can also be honest when a little snail comes.,curiosity,mild,unknown
"00:21:54,000","00:21:58,000",If everything else fits around and you find a compromise for it.,optimism,mild,unknown
"00:21:58,000","00:21:59,000","Ah, okay.",neutral,neutral,neutral
"00:22:00,000","00:22:03,000","What I forgot to say, I find legs really important.",desire,mild,unknown
"00:22:03,000","00:22:05,000",Which legs do you speak the most?,curiosity,mild,unknown
"00:22:05,000","00:22:07,000","Yes, number three is already ...",neutral,neutral,neutral
"00:22:07,000","00:22:08,000",That sees ...,neutral,neutral,neutral
"00:22:08,000","00:22:09,000",Do you train?,curiosity,mild,unknown
"00:22:09,000","00:22:10,000",I dance.,pride,mild,unknown
"00:22:10,000","00:22:11,000",What do you dance?,curiosity,mild,unknown
"00:22:12,000","00:22:13,000",Hip-Hop.,pride,mild,unknown
"00:22:13,000","00:22:16,000","Age, this is a green flag, or as you say.",approval,mild,unknown
"00:22:16,000","00:22:18,000",Can you do a little move like that?,curiosity,mild,unknown
"00:22:18,000","00:22:21,000","I knew ... well, rather reluctant to say, I honestly say.",nervousness,mild,unknown
"00:22:21,000","00:22:22,000",Rather reluctantly at the push of a button.,nervousness,mild,unknown
"00:22:23,000","00:22:24,000","Yes, safe.",neutral,neutral,neutral
"00:22:24,000","00:22:25,000",Was?,confusion,mild,unknown
"00:22:25,000","00:22:27,000",Move a move.,neutral,neutral,neutral
"00:22:27,000","00:22:28,000",Dance on them.,excitement,mild,positive
"00:22:28,000","00:22:29,000",Cringer!,disapproval,mild,unknown
"00:22:29,000","00:22:30,000",Yes and?,neutral,neutral,neutral
"00:22:30,000","00:22:33,000",Without music now on the Lamba drama.,confusion,mild,unknown
"00:22:33,000","00:22:35,000",I attach great importance to the hip.,desire,mild,unknown
"00:22:36,000","00:22:37,000","Okay, no.",disapproval,mild,unknown
"00:22:37,000","00:22:38,000",But ...,neutral,neutral,neutral
"00:22:38,000","00:22:40,000",I can still teach you.,caring,mild,unknown
"00:22:40,000","00:22:43,000",Do a hip swing or something.,amusement,mild,unknown
"00:22:43,000","00:22:44,000",A hip swing?,curiosity,mild,unknown
"00:22:44,000","00:22:45,000","Yes, leave the hip ...",amusement,mild,unknown
"00:22:45,000","00:22:47,000","Yes, that's enough.",approval,mild,unknown
"00:22:47,000","00:22:48,000","Oh, nice!",joy,moderate,positive
"00:22:48,000","00:22:49,000",Looks good.,approval,mild,unknown
"00:22:49,000","00:22:50,000","Is interesting, yes.",curiosity,mild,unknown
"00:22:50,000","00:22:51,000",And.,neutral,neutral,neutral
"00:22:51,000","00:22:55,000","Okay, based on these answers, you unfortunately have to choose one.",disappointment,mild,unknown
"00:22:55,000","00:22:56,000",Already?,surprise,mild,neutral
"00:22:56,000","00:22:58,000",I want to know more or what?,curiosity,moderate,unknown
"00:22:59,000","00:23:00,000","Yes, then get one more.",approval,mild,unknown
"00:23:00,000","00:23:01,000",Fame or money?,curiosity,moderate,unknown
"00:23:02,000","00:23:04,000","Oh, that's a good question.",curiosity,moderate,unknown
"00:23:04,000","00:23:06,000",I want to start with the three.,neutral,neutral,neutral
"00:23:06,000","00:23:07,000",Candidate number three.,neutral,neutral,neutral
"00:23:07,000","00:23:08,000",Fame or money?,curiosity,moderate,unknown
"00:23:08,000","00:23:09,000",Um ...,nervousness,mild,unknown
"00:23:10,000","00:23:11,000",Money?,curiosity,mild,unknown
"00:23:12,000","00:23:13,000","Yes, definitely money.",neutral,neutral,neutral
"00:23:13,000","00:23:14,000",Why?,curiosity,moderate,unknown
"00:23:14,000","00:23:17,000","Then you can make your life very nice,",optimism,moderate,unknown
"00:23:17,000","00:23:20,000","Can do what you want, tear it down,",optimism,moderate,unknown
"00:23:20,000","00:23:21,000",weil ...,neutral,neutral,neutral
"00:23:21,000","00:23:24,000",Fame also has his dark side and ...,realization,moderate,unknown
"00:23:24,000","00:23:25,000","Yes, that's why money.",neutral,neutral,neutral
"00:23:25,000","00:23:28,000","But if you are a fame, you usually have money too, right?",curiosity,mild,unknown
"00:23:28,000","00:23:29,000","And, and.",neutral,neutral,neutral
"00:23:29,000","00:23:30,000",I don't know.,confusion,mild,unknown
"00:23:30,000","00:23:31,000",Should.,neutral,neutral,neutral
"00:23:31,000","00:23:32,000",Nee.,disapproval,mild,unknown
"00:23:33,000","00:23:34,000",When things go well.,optimism,mild,unknown
"00:23:34,000","00:23:35,000",If he has no tax debt.,amusement,mild,unknown
"00:23:36,000","00:23:37,000",Candidate two. Fame or money?,curiosity,moderate,unknown
"00:23:37,000","00:23:40,000",It's a difficult question because you can be fame,confusion,moderate,unknown
"00:23:40,000","00:23:44,000","But you can be fame because of such bad things, for example.",realization,moderate,unknown
"00:23:44,000","00:23:45,000","Yes, that's right.",neutral,neutral,neutral
"00:23:45,000","00:23:47,000",So memes or something.,amusement,mild,unknown
"00:23:47,000","00:23:49,000",But there are things where you don't want to be fame.,realization,moderate,unknown
"00:23:50,000","00:23:51,000","Super, number one.",approval,mild,unknown
"00:23:51,000","00:23:53,000","So, I have to fall in love with anyway",desire,moderate,unknown
"00:23:53,000","00:23:56,000",And then I think it doesn't matter?,neutral,neutral,neutral
"00:23:56,000","00:23:58,000",I have to say one is the perfect answer.,admiration,moderate,unknown
"00:23:58,000","00:24:01,000","I wanted to fall out, I hate something like that.",annoyance,moderate,unknown
"00:24:01,000","00:24:04,000","When you get to know each other, just from heart to heart.",caring,moderate,unknown
"00:24:04,000","00:24:07,000","Only from face to face and only emotions, do you know that?",curiosity,mild,unknown
"00:24:07,000","00:24:09,000","And that was one, one was perfect.",admiration,moderate,unknown
"00:24:09,000","00:24:12,000",Perfect. So two or three get out.,,,unknown
"00:24:12,000","00:24:13,000",And.,neutral,neutral,neutral
"00:24:13,000","00:24:14,000",Sag.,neutral,neutral,neutral
"00:24:15,000","00:24:16,000",He has to get out.,disapproval,moderate,unknown
"00:24:19,000","00:24:21,000","Boah, I honestly tell you, I'm like that ...",confusion,mild,unknown
"00:24:21,000","00:24:23,000",I am now very different.,realization,moderate,unknown
"00:24:24,000","00:24:26,000","And with money and such, I can't.",disappointment,mild,unknown
"00:24:26,000","00:24:28,000",For me my heart breaks when one ...,sadness,moderate,unknown
"00:24:28,000","00:24:31,000",I have become ultra-ultra-efficiently in filters.,pride,moderate,unknown
"00:24:31,000","00:24:33,000","What so fame, money, all these things.",neutral,neutral,neutral
"00:24:33,000","00:24:35,000",Maybe I misunderstood it too,confusion,mild,unknown
"00:24:36,000","00:24:37,000",But I can't.,disappointment,mild,unknown
"00:24:37,000","00:24:39,000",I would choose number three.,neutral,neutral,neutral
"00:24:39,000","00:24:40,000",Okay.,neutral,neutral,neutral
"00:24:40,000","00:24:43,000","Candidate three, you can now come before.",neutral,neutral,neutral
"00:24:45,000","00:24:46,000",Hi.,neutral,neutral,neutral
"00:24:46,000","00:24:47,000","Hello, everything is good?",neutral,neutral,neutral
"00:24:47,000","00:24:48,000",Yes and with you?,neutral,neutral,neutral
"00:24:48,000","00:24:49,000",How old are you?,curiosity,mild,unknown
"00:24:50,000","00:24:51,000",25.,neutral,neutral,neutral
"00:24:51,000","00:24:52,000",Real? I hear too.,surprise,mild,neutral
"00:24:52,000","00:24:53,000","98, and?",neutral,neutral,neutral
"00:24:53,000","00:24:54,000",And.,neutral,neutral,neutral
"00:24:54,000","00:24:55,000",And when was born?,curiosity,mild,unknown
"00:24:55,000","00:24:56,000",21.9.,neutral,neutral,neutral
"00:24:56,000","00:24:58,000",What kind of zodiac sign are you?,curiosity,mild,unknown
"00:24:58,000","00:24:59,000",Virgo. And you?,neutral,neutral,neutral
"00:24:59,000","00:25:00,000",Paths.,neutral,neutral,neutral
"00:25:01,000","00:25:02,000","Yes, Maschallah, where do you dance?",curiosity,mild,unknown
"00:25:02,000","00:25:05,000",In a dance school and privately at home.,neutral,neutral,neutral
"00:25:05,000","00:25:06,000",For men too?,curiosity,mild,unknown
"00:25:06,000","00:25:07,000","No, no.",neutral,neutral,neutral
"00:25:07,000","00:25:09,000",Would you dance like that for a man and such?,curiosity,mild,unknown
"00:25:10,000","00:25:13,000","No, I've been asked many times, I've never done.",disapproval,mild,unknown
"00:25:13,000","00:25:14,000",Nice day.,neutral,neutral,neutral
"00:25:14,000","00:25:15,000","Okay, hello!",neutral,neutral,neutral
"00:25:16,000","00:25:20,000","By the way, guys, maybe I will soon be at celebrity Big Brother.",excitement,moderate,positive
"00:25:20,000","00:25:23,000",That's why I would be exaggerated if we could get it,optimism,moderate,unknown
"00:25:23,000","00:25:25,000",That you all vote that I am there.,desire,moderate,unknown
"00:25:25,000","00:25:28,000",For some reason I would like to be there.,desire,mild,unknown
"00:25:28,000","00:25:31,000","So, vote quickly, and then it continues.",excitement,moderate,positive
"00:25:31,000","00:25:32,000",Final. Stop it!,annoyance,moderate,unknown
"00:25:32,000","00:25:33,000",You are annoying.,annoyance,moderate,unknown
"00:25:34,000","00:25:35,000",Finale.,neutral,neutral,neutral
"00:25:35,000","00:25:36,000",Are you excited,curiosity,mild,unknown
"00:25:36,000","00:25:37,000",So -called.,neutral,neutral,neutral
"00:25:37,000","00:25:38,000","Oh, man.",annoyance,mild,unknown
"00:25:38,000","00:25:41,000",Why do you have a trill pipe at the start?,curiosity,mild,unknown
"00:25:41,000","00:25:42,000","I'm Baywatch, isn't it?",amusement,mild,unknown
"00:25:42,000","00:25:45,000","Yes, and what do you do with the pipe?",curiosity,mild,unknown
"00:25:45,000","00:25:46,000",Then I say ...,neutral,neutral,neutral
"00:25:46,000","00:25:47,000",From the pool.,neutral,neutral,neutral
"00:25:47,000","00:25:49,000",Should it run or how?,confusion,mild,unknown
"00:25:49,000","00:25:50,000",Exactly.,neutral,neutral,neutral
"00:25:50,000","00:25:52,000","Nah, I'll rock that, and then I run.",neutral,neutral,neutral
"00:25:52,000","00:25:54,000",Run to the right.,neutral,neutral,neutral
"00:25:54,000","00:25:55,000",After there?,curiosity,mild,unknown
"00:25:55,000","00:25:57,000",I think it's really important how people run.,realization,moderate,unknown
"00:25:58,000","00:25:59,000",Run!,fear,intense,negative
"00:25:59,000","00:26:01,000",You can run backwards.,amusement,mild,unknown
"00:26:01,000","00:26:02,000",Catwalk.,amusement,mild,unknown
"00:26:02,000","00:26:04,000","But what is also a shit you know it,",annoyance,moderate,unknown
"00:26:04,000","00:26:07,000","For example, there is a group of girls in the past.",neutral,neutral,neutral
"00:26:07,000","00:26:08,000",Or in general.,neutral,neutral,neutral
"00:26:08,000","00:26:10,000",And then suddenly you run like that,surprise,mild,neutral
"00:26:10,000","00:26:11,000",as if you are supposed to fold yourself.,confusion,moderate,unknown
"00:26:11,000","00:26:13,000",Suddenly you can no longer run,disappointment,moderate,unknown
"00:26:14,000","00:26:15,000",And then you look at your cell phone.,neutral,neutral,neutral
"00:26:15,000","00:26:18,000","Very bad, just forgotten to run, do you know that?",embarrassment,moderate,unknown
"00:26:19,000","00:26:21,000",This moment should not arise now.,disapproval,moderate,unknown
"00:26:21,000","00:26:23,000",Just to the right and left.,neutral,neutral,neutral
"00:26:23,000","00:26:24,000",Whistles quickly.,fear,moderate,negative
"00:26:24,000","00:26:25,000",And say emergency.,fear,intense,negative
"00:26:25,000","00:26:26,000",Emergency.,fear,intense,negative
"00:26:26,000","00:26:27,000",Emergency.,fear,intense,negative
"00:26:27,000","00:26:28,000",And now run.,fear,intense,negative
"00:26:28,000","00:26:29,000","Okay, and back.",neutral,neutral,neutral
"00:26:29,000","00:26:30,000",Run back.,neutral,neutral,neutral
"00:26:31,000","00:26:33,000",The man would definitely have died.,fear,intense,negative
"00:26:33,000","00:26:35,000","Yes, he would have died in any case.",fear,intense,negative
"00:26:35,000","00:26:37,000","Yes, he would have died in any case.",fear,intense,negative
"00:26:37,000","00:26:40,000",The man would definitely have died.,fear,intense,negative
"00:26:40,000","00:26:41,000",That would be gone.,sadness,moderate,unknown
"00:26:41,000","00:26:43,000",He would have a life ...,sadness,moderate,unknown
"00:26:43,000","00:26:44,000","And now the lady, others.",neutral,neutral,neutral
"00:26:48,000","00:26:49,000","Uh, and back.",neutral,neutral,neutral
"00:26:52,000","00:26:54,000","Yes, she lives up for the boot.",admiration,mild,unknown
"00:26:54,000","00:26:56,000",That was more hopped than walking.,amusement,mild,unknown
"00:26:56,000","00:26:58,000","What, number two was quickly at the start.",surprise,mild,neutral
"00:26:58,000","00:26:59,000","Yes, it was good too.",approval,mild,unknown
"00:27:00,000","00:27:01,000",It was very good.,approval,moderate,unknown
"00:27:01,000","00:27:03,000","Number two, she has a bag with you.",neutral,neutral,neutral
"00:27:03,000","00:27:05,000",I also have everything you need.,neutral,neutral,neutral
"00:27:05,000","00:27:06,000","Boah, I have ...",realization,mild,unknown
"00:27:06,000","00:27:09,000","I really have to clean my head, with me there are ...",confusion,moderate,unknown
"00:27:09,000","00:27:11,000",Maybe you can call,curiosity,mild,unknown
"00:27:12,000","00:27:14,000",how such a lifeguard would call.,curiosity,mild,unknown
"00:27:14,000","00:27:17,000","Okay, wait, what do you scream out there or something?",curiosity,moderate,unknown
"00:27:17,000","00:27:18,000",From the edge of the pool!,neutral,neutral,neutral
"00:27:18,000","00:27:20,000","Yes, and what is there from the edge of the pool?",curiosity,mild,unknown
"00:27:21,000","00:27:22,000",It should go away from the edge of the pool.,neutral,neutral,neutral
"00:27:23,000","00:27:24,000",That is the base.,neutral,neutral,neutral
"00:27:25,000","00:27:26,000","Hi, Digger?",neutral,neutral,neutral
"00:27:26,000","00:27:28,000",Not a swimmer area.,neutral,neutral,neutral
"00:27:28,000","00:27:31,000","Yes, okay, it's also a bit disabled, I honestly say.",disapproval,mild,unknown
"00:27:31,000","00:27:32,000",And number two.,neutral,neutral,neutral
"00:27:32,000","00:27:34,000","Hey, don't jump off the pelvic edge!",annoyance,moderate,unknown
"00:27:34,000","00:27:35,000",Ey!,surprise,mild,neutral
"00:27:35,000","00:27:38,000",And then the second finger comes behind.,neutral,neutral,neutral
"00:27:38,000","00:27:41,000","Fully good, the dominant rail got through again.",approval,mild,unknown
"00:27:41,000","00:27:43,000",Both do it very well.,approval,mild,unknown
"00:27:43,000","00:27:46,000","Didn't really work, am I honest?",disappointment,mild,unknown
"00:27:46,000","00:27:47,000",And.,neutral,neutral,neutral
"00:27:47,000","00:27:48,000",Not so cheeky.,disapproval,mild,unknown
"00:27:49,000","00:27:51,000",What about you?,curiosity,mild,unknown
"00:27:51,000","00:27:53,000","Do you want a family, how do you like children?",curiosity,moderate,unknown
"00:27:54,000","00:27:55,000",Do you want children?,curiosity,moderate,unknown
"00:27:55,000","00:27:57,000","So, definitely not at the moment.",neutral,neutral,neutral
"00:27:57,000","00:27:59,000","Children are cute, but they are very exhausting.",caring,mild,unknown
"00:27:59,000","00:28:03,000",I don't know if I would get it myself as a mother.,nervousness,moderate,unknown
"00:28:03,000","00:28:06,000",No child born and there is no good mother.,realization,mild,unknown
"00:28:06,000","00:28:07,000",Let's put it that way.,neutral,neutral,neutral
"00:28:07,000","00:28:08,000",Candidate like.,neutral,neutral,neutral
"00:28:08,000","00:28:10,000","So, I've always wanted children.",desire,moderate,unknown
"00:28:10,000","00:28:13,000",Now my sister has the last ...,neutral,neutral,neutral
"00:28:13,000","00:28:15,000","Uh, the two, the little one.",neutral,neutral,neutral
"00:28:15,000","00:28:16,000",And now another child.,neutral,neutral,neutral
"00:28:16,000","00:28:20,000",And I have to say it is much nicer than with strangers.,joy,mild,positive
"00:28:20,000","00:28:21,000","So, I love it.",love,moderate,unknown
"00:28:21,000","00:28:24,000","I also like to be aunt, but I also like to become a mother.",desire,moderate,unknown
"00:28:24,000","00:28:27,000","Boah, that was a gamuchanger because it is very important.",realization,moderate,unknown
"00:28:27,000","00:28:28,000",Do you want children?,curiosity,moderate,unknown
"00:28:28,000","00:28:29,000",100 percent.,neutral,neutral,neutral
"00:28:30,000","00:28:31,000",How many?,curiosity,mild,unknown
"00:28:31,000","00:28:32,000",Two plus.,neutral,neutral,neutral
"00:28:32,000","00:28:33,000",Bald?,curiosity,mild,unknown
"00:28:33,000","00:28:36,000","Not soon, but I love children, my heart goes on like this.",love,moderate,unknown
"00:28:36,000","00:28:40,000","When the smiles and me, they are so innocent and loving.",joy,moderate,positive
"00:28:40,000","00:28:42,000","They are just honest, do you know?",admiration,mild,unknown
"00:28:42,000","00:28:45,000",And in this society I miss this honesty.,sadness,mild,unknown
"00:28:45,000","00:28:47,000",Because they don't come to you and say ...,neutral,neutral,neutral
"00:28:47,000","00:28:49,000",They are just honest and cute.,admiration,mild,unknown
"00:28:49,000","00:28:51,000","I love children, that's why number two.",love,moderate,unknown
"00:28:51,000","00:28:53,000",Could I say anything else?,curiosity,mild,unknown
"00:28:53,000","00:28:56,000","So, it's not that I don't like children",neutral,neutral,neutral
"00:28:56,000","00:28:58,000","But yes, you can still ...",neutral,neutral,neutral
"00:28:58,000","00:29:01,000","When I'm wrong ... yes, you can still get children for a long time.",optimism,mild,unknown
"00:29:01,000","00:29:04,000",But if you are grandma and they are also 33 ...,confusion,mild,unknown
"00:29:04,000","00:29:06,000",Now it's getting too difficult for me.,confusion,moderate,unknown
"00:29:06,000","00:29:07,000",But you're fully old there.,disapproval,mild,unknown
"00:29:08,000","00:29:09,000","That Ja, okay.",neutral,neutral,neutral
"00:29:09,000","00:29:11,000",You just have to find the right time.,realization,mild,unknown
"00:29:11,000","00:29:15,000","Tim, when do you want to be a father? May I ask a counter question?",curiosity,moderate,unknown
"00:29:15,000","00:29:17,000",Now it has done it on purpose.,annoyance,moderate,unknown
"00:29:19,000","00:29:20,000",What did he say?,curiosity,mild,unknown
"00:29:21,000","00:29:22,000","I'm cheeky on him, right?",amusement,mild,unknown
"00:29:22,000","00:29:23,000","No, I ...",confusion,mild,unknown
"00:29:24,000","00:29:25,000",I hot Tom!,excitement,moderate,positive
"00:29:25,000","00:29:26,000","Ah, no!",disappointment,mild,unknown
"00:29:26,000","00:29:27,000",And especially ...,neutral,neutral,neutral
"00:29:27,000","00:29:30,000","She doesn't ask, the lady, now it's slowly getting cheeky here.",annoyance,moderate,unknown
"00:29:30,000","00:29:32,000",I just have friends ...,neutral,neutral,neutral
"00:29:32,000","00:29:33,000",She plays hard Gerd.,admiration,mild,unknown
"00:29:33,000","00:29:35,000","Yes, exactly. I don't want you at all.",disapproval,moderate,unknown
"00:29:35,000","00:29:36,000",Taken too seriously.,disapproval,mild,unknown
"00:29:37,000","00:29:38,000",Now we have a decision.,neutral,neutral,neutral
"00:29:39,000","00:29:41,000",We have a white spot on the lifeguard,curiosity,mild,unknown
"00:29:41,000","00:29:44,000",And a brown stain with blood on the t-shirt.,disgust,moderate,negative
"00:29:44,000","00:29:45,000",Is that a sign?,curiosity,mild,unknown
"00:29:45,000","00:29:46,000","I save people, Tom.",pride,moderate,unknown
"00:29:46,000","00:29:47,000","Oh, good.",relief,mild,unknown
"00:29:47,000","00:29:49,000",It's really serious.,,,unknown
"00:29:49,000","00:29:51,000","If I save people, I have to look like this",pride,mild,unknown
"00:29:51,000","00:29:53,000",as if I were saving people.,pride,mild,unknown
"00:29:53,000","00:29:54,000","Clever, okay.",approval,mild,unknown
"00:29:54,000","00:29:57,000",But I have to say that this is so obvious.,realization,mild,unknown
"00:29:57,000","00:29:58,000",Was?,confusion,mild,unknown
"00:29:58,000","00:30:00,000",Who I want here now.,desire,mild,unknown
"00:30:00,000","00:30:01,000",100 %.,neutral,neutral,neutral
"00:30:01,000","00:30:03,000","Exactly, that's the way it is with me.",pride,mild,unknown
"00:30:03,000","00:30:04,000",How you fight.,admiration,mild,unknown
"00:30:04,000","00:30:06,000","Exactly, with you this guy is so ...",confusion,mild,unknown
"00:30:06,000","00:30:08,000",I try my words properly ...,nervousness,mild,unknown
"00:30:09,000","00:30:10,000","Keep on, come on!",,,unknown
"00:30:10,000","00:30:13,000","Give me more what you say with children now, come on!",curiosity,moderate,unknown
"00:30:13,000","00:30:14,000",Children are great!,joy,moderate,positive
"00:30:14,000","00:30:15,000","Yes, good.",approval,mild,unknown
"00:30:15,000","00:30:18,000","But not exactly, at that moment.",confusion,mild,unknown
"00:30:18,000","00:30:20,000","Exactly, in ten years.",optimism,mild,unknown
"00:30:20,000","00:30:22,000",We don't have to in ten years,neutral,neutral,neutral
"00:30:22,000","00:30:24,000",We can also think at the age of five.,curiosity,mild,unknown
"00:30:24,000","00:30:27,000","I don't even have a friend, so ...",sadness,mild,unknown
"00:30:27,000","00:30:28,000",Negotiation.,neutral,neutral,neutral
"00:30:28,000","00:30:31,000","That's why sales talk here, I tell you honestly.",neutral,neutral,neutral
"00:30:31,000","00:30:32,000","Okay, fine.",neutral,neutral,neutral
"00:30:32,000","00:30:35,000","I don't want to buy that, this car.",disapproval,moderate,unknown
"00:30:35,000","00:30:37,000","Okay, fine. Your decision is?",neutral,neutral,neutral
"00:30:37,000","00:30:38,000",I want number one.,desire,mild,unknown
"00:30:38,000","00:30:41,000","Okay, then number two, you can now come out.",neutral,neutral,neutral
"00:30:41,000","00:30:42,000",But don't hit.,neutral,neutral,neutral
"00:30:43,000","00:30:44,000","No, fun, fun.",amusement,mild,unknown
"00:30:44,000","00:30:45,000","Everything is fine, everything is fine.",neutral,neutral,neutral
"00:30:45,000","00:30:46,000",Ui!,surprise,mild,neutral
"00:30:46,000","00:30:47,000",Tjü!,neutral,neutral,neutral
"00:30:47,000","00:30:48,000",How bad.,disapproval,mild,unknown
"00:30:48,000","00:30:50,000","EY, if you now ...",annoyance,mild,unknown
"00:30:50,000","00:30:52,000",Have you ever put on?,curiosity,mild,unknown
"00:30:52,000","00:30:53,000",Have you ever put on?,curiosity,mild,unknown
"00:30:54,000","00:30:55,000","No, not yet.",neutral,neutral,neutral
"00:30:55,000","00:30:56,000","Yes, yes, yes.",neutral,neutral,neutral
"00:30:56,000","00:30:59,000",In the first class I strangled almost a boy.,,,unknown
"00:30:59,000","00:31:00,000",Strangled?,surprise,moderate,neutral
"00:31:00,000","00:31:02,000",How did you do that?,curiosity,mild,unknown
"00:31:02,000","00:31:04,000",He lay down on my rope,neutral,neutral,neutral
"00:31:04,000","00:31:07,000","And I wanted to have my rope, my jump rope.",neutral,neutral,neutral
"00:31:07,000","00:31:10,000","And then it was just around his neck, and then I pulled like that.",confusion,mild,unknown
"00:31:10,000","00:31:12,000",And didn't stop?,surprise,moderate,neutral
"00:31:12,000","00:31:14,000",Did you just want to see until the knockout goes?,curiosity,moderate,unknown
"00:31:14,000","00:31:17,000","So blood is already in the head, everything comes out, veins.",disgust,moderate,negative
"00:31:17,000","00:31:19,000",I left at some point,neutral,neutral,neutral
"00:31:19,000","00:31:22,000","And then I heard the message at home, so, yes ...",realization,mild,unknown
"00:31:22,000","00:31:24,000",You shouldn't be so violent.,disapproval,moderate,unknown
"00:31:24,000","00:31:25,000",Does the man live?,curiosity,moderate,unknown
"00:31:25,000","00:31:26,000",I think he's still alive.,relief,mild,unknown
"00:31:27,000","00:31:28,000",Hahaha!,amusement,moderate,unknown
"00:31:30,000","00:31:31,000","Hä, okay.",confusion,mild,unknown
"00:31:31,000","00:31:32,000","Is there anything else in it, or what?",curiosity,mild,unknown
"00:31:32,000","00:31:35,000","For you, but actually you already got me out ...",neutral,neutral,neutral
"00:31:35,000","00:31:36,000",Gift handover.,neutral,neutral,neutral
"00:31:37,000","00:31:38,000",I go anyway.,neutral,neutral,neutral
"00:31:38,000","00:31:41,000","You are really cool, EY, I really like you.",admiration,moderate,unknown
"00:31:41,000","00:31:42,000",Then we can become friends.,optimism,mild,unknown
"00:31:43,000","00:31:44,000",Or is that hard now?,nervousness,mild,unknown
"00:31:44,000","00:31:47,000",Do you still feel like being friends with me?,nervousness,mild,unknown
"00:31:47,000","00:31:48,000",And.,neutral,neutral,neutral
"00:31:48,000","00:31:51,000",That is my mistake that I called you Tim.,embarrassment,mild,unknown
"00:31:51,000","00:31:53,000","No, I found that really cute.",amusement,mild,unknown
"00:31:53,000","00:31:55,000","Don't open, I'm going now.",nervousness,mild,unknown
"00:31:55,000","00:31:57,000",Then you can open it and then ...,neutral,neutral,neutral
"00:31:57,000","00:31:58,000",I open it now!,excitement,moderate,positive
"00:31:58,000","00:31:59,000",Bye!,neutral,neutral,neutral
"00:32:01,000","00:32:02,000",Oh!,surprise,mild,neutral
"00:32:03,000","00:32:04,000",Oha!,surprise,mild,neutral
"00:32:04,000","00:32:06,000","Okay, show the camera.",neutral,neutral,neutral
"00:32:06,000","00:32:07,000",Oh how sweet!,joy,moderate,positive
"00:32:07,000","00:32:08,000",Oh Gott.,surprise,mild,neutral
"00:32:09,000","00:32:11,000","She writes, Olla, then ...",neutral,neutral,neutral
"00:32:11,000","00:32:13,000","Oh, I can't show the number, right?",nervousness,mild,unknown
"00:32:14,000","00:32:15,000","Or anyway, maybe ... no matter.",neutral,neutral,neutral
"00:32:15,000","00:32:16,000",Look how cute.,admiration,mild,unknown
"00:32:18,000","00:32:20,000","And then, you are the ice to my iced tea?",neutral,neutral,neutral
"00:32:20,000","00:32:23,000","I don't know exactly why, but somehow it's cute.",confusion,mild,unknown
"00:32:23,000","00:32:26,000",Maybe there is also a tea in my name.,curiosity,mild,unknown
"00:32:26,000","00:32:27,000",Fuck it all.,anger,intense,unknown
"00:32:27,000","00:32:29,000",Are you ready for your winner?,excitement,moderate,positive
"00:32:29,000","00:32:30,000",Completely.,neutral,neutral,neutral
"00:32:30,000","00:32:31,000","Me, Ready?",nervousness,mild,unknown
"00:32:31,000","00:32:33,000","Winner, you can now come out.",excitement,moderate,positive
"00:32:35,000","00:32:37,000",Just go forward.,neutral,neutral,neutral
"00:32:37,000","00:32:38,000","Oha, beautiful, really pretty.",admiration,moderate,unknown
"00:32:39,000","00:32:40,000","You are pretty, yes.",approval,mild,unknown
"00:32:40,000","00:32:41,000",Should the extensive motion run?,confusion,mild,unknown
"00:32:41,000","00:32:42,000",Why?,confusion,mild,unknown
"00:32:42,000","00:32:43,000",It's all ok?,neutral,neutral,neutral
"00:32:44,000","00:32:45,000","And, hi.",neutral,neutral,neutral
"00:32:45,000","00:32:46,000","Well, what do you smell?",curiosity,mild,unknown
"00:32:46,000","00:32:47,000","Valentino, Born in Roma.",neutral,neutral,neutral
"00:32:47,000","00:32:49,000",Can I again?,curiosity,mild,unknown
"00:32:50,000","00:32:51,000",Splendid.,admiration,mild,unknown
"00:32:51,000","00:32:53,000","Yes, I already smelled it.",neutral,neutral,neutral
"00:32:53,000","00:32:54,000",What do you think is that?,curiosity,mild,unknown
"00:32:56,000","00:32:57,000",Do you like?,curiosity,mild,unknown
"00:32:57,000","00:32:58,000","I like it, no idea.",neutral,neutral,neutral
"00:32:58,000","00:32:59,000",What do you think?,curiosity,mild,unknown
"00:33:00,000","00:33:01,000",Looks good.,approval,mild,unknown
"00:33:01,000","00:33:02,000",Do you already know me from before?,curiosity,mild,unknown
"00:33:03,000","00:33:04,000","Yes, so from YouTube.",neutral,neutral,neutral
"00:33:04,000","00:33:06,000",Yes? Did you see the podcast?,curiosity,mild,unknown
"00:33:06,000","00:33:07,000","Yes, I saw.",neutral,neutral,neutral
"00:33:07,000","00:33:08,000",Mhm.,neutral,neutral,neutral
"00:33:08,000","00:33:10,000",And where is it?,curiosity,mild,unknown
"00:33:10,000","00:33:12,000","No, nothing at all.",neutral,neutral,neutral
"00:33:12,000","00:33:15,000","No, so, I really told everything in the truth.",neutral,neutral,neutral
"00:33:15,000","00:33:16,000",Hm.,neutral,neutral,neutral
"00:33:16,000","00:33:17,000",I really not know.,confusion,mild,unknown
"00:33:17,000","00:33:20,000","You can talk about it, eating or something.",neutral,neutral,neutral
"00:33:20,000","00:33:21,000","I see that, yes.",realization,mild,unknown
"00:33:21,000","00:33:22,000",Sea.,neutral,neutral,neutral
"00:33:22,000","00:33:25,000",With the sunset opposite on the beach.,neutral,neutral,neutral
"00:33:25,000","00:33:26,000",And.,neutral,neutral,neutral
"00:33:27,000","00:33:28,000",Toll!,excitement,moderate,positive
"00:33:29,000","00:33:31,000",I hope you liked the episode.,neutral,neutral,neutral
"00:33:31,000","00:33:34,000","Before you switch off, download the join app.",neutral,neutral,neutral
"00:33:34,000","00:33:36,000",Now you can vote directly for me.,excitement,moderate,positive
"00:33:36,000","00:33:39,000",I take part in the celebrity-big brother at the Wildcard Challenge.,pride,moderate,unknown
"00:33:40,000","00:33:42,000","When I pull in there, there is finally someone cool",optimism,moderate,unknown
"00:33:42,000","00:33:45,000",In the celebrity-big brother house and someone who does not make a drama.,optimism,mild,unknown
"00:33:46,000","00:33:48,000",If you feel like me in another setting,curiosity,mild,unknown
"00:33:48,000","00:33:51,000",I know we are a strong community.,pride,moderate,unknown
"00:33:51,000","00:33:53,000",That's why I count on you and I think of you.,caring,moderate,unknown
"00:33:53,000","00:33:57,000",Please send me a screenshot if you have voted for me.,neutral,neutral,neutral
"00:33:57,000","00:34:00,000",Then you get a voice message back.,neutral,neutral,neutral
"00:34:00,000","00:34:04,000",We'll see you in the next episode or in the celebrity-big brother house.,neutral,neutral,neutral
"00:34:04,000","00:34:06,000","I'm not a celebrity, but I'm funny.",neutral,neutral,neutral
